字,拼音,字频序,字档,全码,撞的词,词频序,词档,计入指标
医,yi,482,前1500字,yirh,揖让,37453,前5万词,
八,ba,554,前1500字,ball,拔凉,67826,5万词以后,
倒,dao,560,前1500字,dckg,导坑,81808,5万词以后,
质,zhi,589,前1500字,vifj,直翻,50226,5万词以后,
型,xing,697,前1500字,xkpm,行骗,54252,5万词以后,
树,shu,779,前1500字,uuwo,恕我,64943,5万词以后,
健,jian,850,前1500字,jmkl,简况,39672,前5万词,
纸,zhi,893,前1500字,viir,纸船,36410,前5万词,
纸,zhi,893,前1500字,viir,直传,67369,5万词以后,
采,cai,905,前1500字,cdii,彩池,70215,5万词以后,
采,cai,905,前1500字,cdii,才吃,76593,5万词以后,
益,yi,929,前1500字,yile,逸乐,57213,5万词以后,
益,yi,929,前1500字,yile,怡乐,79047,5万词以后,
既,ji,938,前1500字,jise,饥色,40407,前5万词,
既,ji,938,前1500字,jise,基色,40805,前5万词,
限,xian,1026,前1500字,xmys,现用,69174,5万词以后,
迪,di,1060,前1500字,dihl,地黄,30614,前5万词,
迪,di,1060,前1500字,dihl,帝皇,32824,前5万词,
喂,wei,1110,前1500字,wwts,胃痛,34019,前5万词,
喂,wei,1110,前1500字,wwts,卫通,42448,前5万词,
似,shi,1132,前1500字,uikr,十款,74651,5万词以后,
骂,ma,1205,前1500字,matv,马腿,69381,5万词以后,
励,li,1302,前1500字,lici,历次,34709,前5万词,
励,li,1302,前1500字,lici,离此,38037,前5万词,
伍,wu,1442,前1500字,wukr,五款,74323,5万词以后,
伍,wu,1442,前1500字,wukr,无款,80622,5万词以后,
蜜,mi,1451,前1500字,mijm,迷奸,37201,前5万词,
蜜,mi,1451,前1500字,mijm,蜜饯,44990,前5万词,
蜜,mi,1451,前1500字,mijm,密件,50382,5万词以后,
蜜,mi,1451,前1500字,mijm,弥坚,58099,5万词以后,
旦,dan,1486,前1500字,djbp,但别,64692,5万词以后,
姨,yi,1489,前1500字,yiux,一刷,79868,5万词以后,
墨,mo,1522,前3500字,modm,模电,76985,5万词以后,
践,jian,1541,前3500字,jmse,艰涩,40616,前5万词,
邮,you,1561,前3500字,yzhy,游魂,35001,前5万词,
邮,you,1561,前3500字,yzhy,幽魂,45489,前5万词,
霸,ba,1596,前3500字,balz,八楼,32510,前5万词,
番,fan,1605,前3500字,fjih,反常,14858,前3万词,
番,fan,1605,前3500字,fjih,翻唱,51273,5万词以后,
番,fan,1605,前3500字,fjih,返厂,69038,5万词以后,
番,fan,1605,前3500字,fjih,繁昌,74818,5万词以后,
悉,xi,1622,前3500字,xiiv,西陲,70807,5万词以后,
勤,qin,1638,前3500字,qbri,亲日,82799,5万词以后,
井,jing,1650,前3500字,jkgg,精耕,59808,5万词以后,
寂,ji,1665,前3500字,jijq,急救,14766,前3万词,
寂,ji,1665,前3500字,jijq,祭酒,48893,前5万词,
寂,ji,1665,前3500字,jijq,忌酒,57734,5万词以后,
呜,wu,1667,前3500字,wutj,物探,40645,前5万词,
郁,yu,1694,前3500字,yucy,渔村,49119,前5万词,
郁,yu,1694,前3500字,yucy,预存,59297,5万词以后,
饰,shi,1733,前3500字,uiqp,失窃,26971,前3万词,
饰,shi,1733,前3500字,uiqp,侍妾,67255,5万词以后,
详,xiang,1782,前3500字,xlfu,相符,12746,前3万词,
详,xiang,1782,前3500字,xlfu,享福,21782,前3万词,
详,xiang,1782,前3500字,xlfu,降服,26186,前3万词,
详,xiang,1782,前3500字,xlfu,相府,26326,前3万词,
详,xiang,1782,前3500字,xlfu,降伏,38268,前5万词,
详,xiang,1782,前3500字,xlfu,相辅,64748,5万词以后,
详,xiang,1782,前3500字,xlfu,相扶,65193,5万词以后,
佛,fu,1784,前3500字,fukh,富康,57112,5万词以后,
滋,zi,1786,前3500字,ziai,自爱,13952,前3万词,
宴,yan,1847,前3500字,yjju,盐焗,30040,前5万词,
宴,yan,1847,前3500字,yjju,烟具,41048,前5万词,
帐,zhang,1871,前3500字,vhpd,长排,57093,5万词以后,
帐,zhang,1871,前3500字,vhpd,张牌,64482,5万词以后,
鉴,jian,1887,前3500字,jmns,渐浓,65813,5万词以后,
匙,shi,1919,前3500字,uibu,食补,29475,前3万词,
匙,shi,1919,前3500字,uibu,誓不,35955,前5万词,
匙,shi,1919,前3500字,uibu,师部,46664,前5万词,
匙,shi,1919,前3500字,uibu,史部,63039,5万词以后,
匙,shi,1919,前3500字,uibu,十步,64027,5万词以后,
匙,shi,1919,前3500字,uibu,是不,72316,5万词以后,
匙,shi,1919,前3500字,uibu,实部,83475,5万词以后,
兼,jian,1920,前3500字,jmee,奸恶,49745,前5万词,
悠,you,1923,前3500字,yzkv,有愧,26760,前3万词,
娶,qu,1985,前3500字,qufu,屈服,10023,前3万词,
娶,qu,1985,前3500字,qufu,趋附,41584,前5万词,
娶,qu,1985,前3500字,qufu,曲阜,47167,前5万词,
氏,shi,2028,前3500字,uirr,湿软,58159,5万词以后,
牺,xi,2061,前3500字,xivc,夕照,24697,前3万词,
牺,xi,2061,前3500字,xivc,戏照,40420,前5万词,
牺,xi,2061,前3500字,xivc,西照,77926,5万词以后,
役,yi,2116,前3500字,yikh,益康,79422,5万词以后,
芒,mang,2178,前3500字,mhge,芒格,82969,5万词以后,
勉,mian,2184,前3500字,mmsi,免死,67038,5万词以后,
喉,hou,2190,前3500字,hzth,后唐,49143,前5万词,
喉,hou,2190,前3500字,hzth,后堂,76661,5万词以后,
棵,ke,2195,前3500字,kewh,渴望,1546,前1万词,③
棵,ke,2195,前3500字,kewh,可望,26786,前3万词,
嘲,chao,2196,前3500字,ictz,潮头,32778,前5万词,
趋,qu,2228,前3500字,quse,取色,79770,5万词以后,
逢,feng,2240,前3500字,fgql,疯抢,69088,5万词以后,
逢,feng,2240,前3500字,fgql,风枪,71388,5万词以后,
逢,feng,2240,前3500字,fgql,风墙,81393,5万词以后,
疏,shu,2259,前3500字,uubn,鼠标,11403,前3万词,
疏,shu,2259,前3500字,uubn,数表,57053,5万词以后,
券,quan,2280,前3500字,qrng,全能,14429,前3万词,
券,quan,2280,前3500字,qrng,权能,45239,前5万词,
畏,wei,2295,前3500字,wwhs,微红,22120,前3万词,
尉,wei,2313,前3500字,wwbo,微博,3951,前1万词,③
尉,wei,2313,前3500字,wwbo,微薄,16500,前3万词,
尉,wei,2313,前3500字,wwbo,微波,17553,前3万词,
尉,wei,2313,前3500字,wwbo,苇箔,42260,前5万词,
尉,wei,2313,前3500字,wwbo,围脖,46959,前5万词,
尉,wei,2313,前3500字,wwbo,韦伯,48330,前5万词,
寝,qin,2361,前3500字,qbjq,琴酒,80111,5万词以后,
厄,e,2417,前3500字,eeqk,俄顷,59359,5万词以后,
颁,ban,2451,前3500字,bjlj,斑斓,11198,前3万词,
饥,ji,2455,前3500字,jiqr,几圈,14385,前3万词,
饥,ji,2455,前3500字,jiqr,鸡犬,29769,前3万词,
饥,ji,2455,前3500字,jiqr,机圈,29777,前3万词,
饥,ji,2455,前3500字,jiqr,集权,30767,前5万词,
饥,ji,2455,前3500字,jiqr,极权,57551,5万词以后,
饥,ji,2455,前3500字,jiqr,几拳,66864,5万词以后,
饥,ji,2455,前3500字,jiqr,集全,69170,5万词以后,
侄,zhi,2457,前3500字,vikf,只肯,67090,5万词以后,
榴,liu,2516,前3500字,lqwh,流亡,26260,前3万词,
榴,liu,2516,前3500字,lqwh,流网,77136,5万词以后,
俘,fu,2553,前3500字,fuke,妇科,17795,前3万词,
俘,fu,2553,前3500字,fuke,福柯,38106,前5万词,
俘,fu,2553,前3500字,fuke,副科,51770,5万词以后,
俘,fu,2553,前3500字,fuke,复课,56541,5万词以后,
俘,fu,2553,前3500字,fuke,复刻,68270,5万词以后,
黛,dai,2572,前3500字,ddkd,代开,33985,前5万词,
姬,ji,2581,前3500字,jiue,鸡舍,62745,5万词以后,
姬,ji,2581,前3500字,jiue,激射,64548,5万词以后,
坞,wu,2587,前3500字,wumj,侮慢,62239,5万词以后,
茅,mao,2604,前3500字,mcgz,猫狗,69588,5万词以后,
姚,yao,2605,前3500字,ycue,咬舌,51895,5万词以后,
姚,yao,2605,前3500字,ycue,要射,68530,5万词以后,
姚,yao,2605,前3500字,ycue,要设,75708,5万词以后,
纤,xian,2614,前3500字,xmic,现钞,55160,5万词以后,
纤,xian,2614,前3500字,xmic,现炒,71623,5万词以后,
俯,fu,2644,前3500字,fukf,复垦,35042,前5万词,
恍,huang,2662,前3500字,hlve,晃着,63959,5万词以后,
劲,jing,2672,前3500字,jkmi,静谧,11036,前3万词,
劲,jing,2672,前3500字,jkmi,精密,19547,前3万词,
劲,jing,2672,前3500字,jkmi,粳米,56036,5万词以后,
衔,xian,2678,前3500字,xmks,闲空,43692,前5万词,
衔,xian,2678,前3500字,xmks,线控,60950,5万词以后,
毙,bi,2704,前3500字,biuu,避暑,28697,前3万词,
毙,bi,2704,前3500字,biuu,比数,59813,5万词以后,
毙,bi,2704,前3500字,biuu,必输,68013,5万词以后,
毙,bi,2704,前3500字,biuu,笔数,77192,5万词以后,
弦,xian,2721,前3500字,xmbi,闲笔,71391,5万词以后,
茜,xi,2747,前3500字,xigc,细高,80398,5万词以后,
幂,mi,2752,前3500字,mijp,密接,29741,前3万词,
乙,yi,2762,前3500字,yibb,宜宾,47557,前5万词,
渊,yuan,2802,前3500字,yran,冤案,45409,前5万词,
渊,yuan,2802,前3500字,yran,远安,77820,5万词以后,
芯,xin,2821,前3500字,xbgv,新规,25887,前3万词,
芯,xin,2821,前3500字,xbgv,新贵,51134,5万词以后,
俏,qiao,2874,前3500字,qnkz,硚口,62325,5万词以后,
参,shen,2920,前3500字,ufhf,深恨,69387,5万词以后,
轴,zhou,2923,前3500字,vzch,周仓,73754,5万词以后,
荆,jing,2935,前3500字,jkgg,精耕,59808,5万词以后,
垄,long,2937,前3500字,lsnm,龙年,62189,5万词以后,
惭,can,2972,前3500字,cjvh,残障,46162,前5万词,
缉,ji,2988,前3500字,jiif,忌辰,39791,前5万词,
缉,ji,2988,前3500字,jiif,击沉,57416,5万词以后,
澜,lan,2991,前3500字,ljai,懒癌,57297,5万词以后,
蚀,shi,3008,前3500字,uiqm,事前,16146,前3万词,
蚀,shi,3008,前3500字,uiqm,史前,28701,前3万词,
蚀,shi,3008,前3500字,uiqm,是钱,73059,5万词以后,
屡,lv,3019,前3500字,lvbu,吕布,10046,前3万词,
屡,lv,3019,前3500字,lvbu,率部,56896,5万词以后,
屡,lv,3019,前3500字,lvbu,滤布,79965,5万词以后,
趾,zhi,3020,前3500字,viss,直送,76809,5万词以后,
趾,zhi,3020,前3500字,viss,只送,77024,5万词以后,
菠,bo,3047,前3500字,bogg,脖颈,11354,前3万词,
髦,mao,3054,前3500字,mcpg,茅棚,55241,5万词以后,
叽,ji,3073,前3500字,jitr,集团,1586,前1万词,③
叽,ji,3073,前3500字,jitr,急湍,38871,前5万词,
叽,ji,3073,前3500字,jitr,基团,45542,前5万词,
缕,lv,3097,前3500字,lviu,滤除,37676,前5万词,
缕,lv,3097,前3500字,lviu,滤出,78686,5万词以后,
裳,shang,3100,前3500字,uhjl,上将,20132,前3万词,
裳,shang,3100,前3500字,uhjl,上讲,63430,5万词以后,
棘,ji,3101,前3500字,jiii,疾驰,18120,前3万词,
棘,ji,3101,前3500字,jiii,鸡翅,24824,前3万词,
棘,ji,3101,前3500字,jiii,急驰,54666,5万词以后,
崎,qi,3123,前3500字,qiho,起火,13693,前3万词,
崎,qi,3123,前3500字,qiho,期货,14060,前3万词,
崎,qi,3123,前3500字,qiho,齐活,71414,5万词以后,
虏,lu,3138,前3500字,luvi,录制,19545,前3万词,
虏,lu,3138,前3500字,luvi,卤汁,60164,5万词以后,
虏,lu,3138,前3500字,luvi,卢植,82337,5万词以后,
萎,wei,3171,前3500字,wwgu,尾骨,57642,5万词以后,
圭,gui,3174,前3500字,gvmm,柜面,62442,5万词以后,
甥,sheng,3180,前3500字,ugmi,生米,33074,前5万词,
碱,jian,3184,前3500字,jmxt,见血,18797,前3万词,
匙,chi,3189,前3500字,iibu,吃不,72766,5万词以后,
吁,xu,3207,前3500字,xutc,虚套,43889,前5万词,
窖,jiao,3210,前3500字,jnjt,叫绝,47108,前5万词,
逾,yu,3211,前3500字,yuxl,预想,17349,前3万词,
逾,yu,3211,前3500字,yuxl,余香,27506,前3万词,
逾,yu,3211,前3500字,yuxl,雨巷,64934,5万词以后,
逾,yu,3211,前3500字,yuxl,鱼香,68688,5万词以后,
逾,yu,3211,前3500字,yuxl,渔乡,70219,5万词以后,
骡,luo,3217,前3500字,lovi,罗致,38418,前5万词,
骡,luo,3217,前3500字,lovi,罗织,59451,5万词以后,
嵌,qian,3246,前3500字,qmhx,铅华,28208,前3万词,
省,xing,3276,前3500字,xkyb,行吟,68491,5万词以后,
芸,yun,3283,前3500字,yygh,云冈,78877,5万词以后,
巅,dian,3295,前3500字,dmhj,电翰,24146,前3万词,
巅,dian,3295,前3500字,dmhj,点焊,41632,前5万词,
巅,dian,3295,前3500字,dmhj,电焊,49124,前5万词,
颅,lu,3318,前3500字,luvj,陆战,45473,前5万词,
嗝,ge,3360,前3500字,getn,各条,36575,前5万词,
盛,cheng,3364,前3500字,igee,惩恶,67008,5万词以后,
卜,bu,3372,前3500字,buvv,补缀,61286,5万词以后,
卜,bu,3372,前3500字,buvv,不追,64165,5万词以后,
霓,ni,3375,前3500字,nile,腻了,25868,前3万词,
霓,ni,3375,前3500字,nile,匿了,68840,5万词以后,
霓,ni,3375,前3500字,nile,你了,72317,5万词以后,
壕,hao,3393,前3500字,hcmo,毫末,50911,5万词以后,
昵,ni,3401,前3500字,nibu,你不,72326,5万词以后,
矢,shi,3404,前3500字,uihh,试航,37580,前5万词,
矢,shi,3404,前3500字,uihh,诗行,64503,5万词以后,
矢,shi,3404,前3500字,uihh,适航,71164,5万词以后,
蔚,wei,3409,前3500字,wwgo,为国,7242,前1万词,③
蔚,wei,3409,前3500字,wwgo,魏国,13092,前3万词,
蔚,wei,3409,前3500字,wwgo,卫国,14381,前3万词,
蔚,wei,3409,前3500字,wwgo,未果,22447,前3万词,
庐,lu,3466,前3500字,luqb,陆禽,43819,前5万词,
霄,xiao,3479,前3500字,xnlz,小楼,13001,前3万词,
茉,mo,3490,前3500字,mogl,磨光,48368,前5万词,
俾,bi,3491,前3500字,bikc,必考,67524,5万词以后,
吆,yao,3496,前3500字,ycti,要提,73096,5万词以后,
舶,bo,3507,前3500字,bocd,博彩,26054,前3万词,
舶,bo,3507,前3500字,bocd,菠菜,33559,前5万词,
舶,bo,3507,前3500字,bocd,博采,53917,5万词以后,
痪,huan,3514,前3500字,hrqy,换群,72003,5万词以后,
茜,qian,3524,前3500字,qmgc,前高,76406,5万词以后,
雳,li,3527,前3500字,lili,历历,21330,前3万词,
雳,li,3527,前3500字,lili,粒粒,24946,前3万词,
雳,li,3527,前3500字,lili,沥沥,27604,前3万词,
妾,qie,3532,前3500字,qpju,窃据,42181,前5万词,
吠,fei,3571,3500字以后,fwty,肥臀,37874,前5万词,
噎,ye,3577,3500字以后,yetp,冶铁,60177,5万词以后,
巳,si,3591,3500字以后,sikk,四块,73979,5万词以后,
痊,quan,3598,3500字以后,qrqr,圈圈,16297,前3万词,
痊,quan,3598,3500字以后,qrqr,全权,27283,前3万词,
痊,quan,3598,3500字以后,qrqr,劝劝,30576,前5万词,
痊,quan,3598,3500字以后,qrqr,拳拳,45766,前5万词,
鸥,ou,3606,3500字以后,ourj,偶然,3755,前1万词,
喱,li,3607,3500字以后,lith,礼堂,16579,前3万词,
喱,li,3607,3500字以后,lith,例汤,42081,前5万词,
喱,li,3607,3500字以后,lith,理塘,78890,5万词以后,
蹋,ta,3615,3500字以后,taso,他所,4505,前1万词,
蹋,ta,3615,3500字以后,taso,它所,14175,前3万词,
强,jiang,3620,3500字以后,jlbm,江边,16280,前3万词,
咋,zha,3622,3500字以后,vatk,乍听,54425,5万词以后,
匕,bi,3628,3500字以后,biuu,避暑,28697,前3万词,
匕,bi,3628,3500字以后,biuu,比数,59813,5万词以后,
匕,bi,3628,3500字以后,biuu,必输,68013,5万词以后,
匕,bi,3628,3500字以后,biuu,笔数,77192,5万词以后,
虱,shi,3635,3500字以后,uibm,事变,15971,前3万词,
虱,shi,3635,3500字以后,uibm,尸变,22821,前3万词,
虱,shi,3635,3500字以后,uibm,十遍,65146,5万词以后,
虱,shi,3635,3500字以后,uibm,实变,82369,5万词以后,
憬,jing,3640,3500字以后,jkvy,精准,4024,前1万词,
鹉,wu,3643,3500字以后,wupj,误判,51043,5万词以后,
阜,fu,3646,3500字以后,fuhc,符号,5883,前1万词,
阜,fu,3646,3500字以后,fuhc,富豪,12377,前3万词,
阜,fu,3646,3500字以后,fuhc,负号,38849,前5万词,
哔,bi,3660,3500字以后,bitc,笔套,38861,前5万词,
镰,lian,3670,3500字以后,lmse,脸色,663,前1万词,
恙,yang,3683,3500字以后,yhnv,养女,29263,前3万词,
驿,yi,3685,3500字以后,yivr,一转,63197,5万词以后,
驿,yi,3685,3500字以后,yivr,已转,66700,5万词以后,
驿,yi,3685,3500字以后,yivr,医专,69712,5万词以后,
驿,yi,3685,3500字以后,yivr,移转,80274,5万词以后,
畸,ji,3692,3500字以后,jiho,激活,6839,前1万词,
畸,ji,3692,3500字以后,jiho,急火,30633,前5万词,
畸,ji,3692,3500字以后,jiho,即或,52609,5万词以后,
畸,ji,3692,3500字以后,jiho,集火,67231,5万词以后,
咎,jiu,3704,3500字以后,jqqt,就缺,74765,5万词以后,
嚏,ti,3711,3500字以后,tits,体统,32185,前5万词,
嚏,ti,3711,3500字以后,tits,提桶,80611,5万词以后,
茱,zhu,3725,3500字以后,vugl,烛光,12909,前3万词,
茱,zhu,3725,3500字以后,vugl,珠光,44141,前5万词,
晖,hui,3726,3500字以后,hvbc,回报,2700,前1万词,
晖,hui,3726,3500字以后,hvbc,汇报,5574,前1万词,
堰,yan,3728,3500字以后,yjmu,眼目,14249,前3万词,
堰,yan,3728,3500字以后,yjmu,烟幕,52335,5万词以后,
侏,zhu,3739,3500字以后,vukl,竹筐,82258,5万词以后,
氨,an,3747,3500字以后,andu,暗度,34567,前5万词,
氨,an,3747,3500字以后,andu,案牍,38598,前5万词,
氨,an,3747,3500字以后,andu,安度,48089,前5万词,
咄,duo,3750,3500字以后,doth,多糖,38678,前5万词,
琵,pi,3751,3500字以后,piru,譬如,6617,前1万词,
烨,ye,3754,3500字以后,yepc,夜跑,66792,5万词以后,
烨,ye,3754,3500字以后,yepc,也跑,75978,5万词以后,
豌,wan,3771,3500字以后,wjpk,宛平,83241,5万词以后,
舷,xian,3787,3500字以后,xmci,献词,36976,前5万词,
舷,xian,3787,3500字以后,xmci,献辞,43105,前5万词,
偎,wei,3790,3500字以后,wwks,唯恐,14671,前3万词,
偎,wei,3790,3500字以后,wwks,惟恐,27437,前3万词,
偎,wei,3790,3500字以后,wwks,为空,64796,5万词以后,
偎,wei,3790,3500字以后,wwks,微孔,76586,5万词以后,
鸠,jiu,3795,3500字以后,jqhj,久旱,51691,5万词以后,
铮,zheng,3796,3500字以后,vgse,正色,13491,前3万词,
噼,pi,3798,3500字以后,pita,疲沓,37434,前5万词,
铎,duo,3806,3500字以后,dosr,多算,74860,5万词以后,
褒,bao,3855,3500字以后,bclw,堡垒,13445,前3万词,
褒,bao,3855,3500字以后,bclw,爆雷,29865,前3万词,
褒,bao,3855,3500字以后,bclw,暴雷,54312,5万词以后,
桢,zhen,3858,3500字以后,vfwj,珍玩,37426,前5万词,
葆,bao,3859,3500字以后,bcgw,包给,29058,前3万词,
葆,bao,3859,3500字以后,bcgw,报给,65043,5万词以后,
藩,fan,3866,3500字以后,fjgh,返岗,48474,前5万词,
幺,yao,3879,3500字以后,ycii,瑶池,18603,前3万词,
芷,zhi,3905,3500字以后,vigs,职工,3488,前1万词,
芷,zhi,3905,3500字以后,vigs,直供,33858,前5万词,
芷,zhi,3905,3500字以后,vigs,织工,36774,前5万词,
芷,zhi,3905,3500字以后,vigs,只供,54512,5万词以后,
芷,zhi,3905,3500字以后,vigs,之功,63855,5万词以后,
谚,yan,3937,3500字以后,yjff,盐分,51733,5万词以后,
谚,yan,3937,3500字以后,yjff,颜粉,71755,5万词以后,
峙,zhi,3943,3500字以后,viho,之火,13896,前3万词,
蛀,zhu,3960,3500字以后,vumm,煮面,32035,前5万词,
蛀,zhu,3960,3500字以后,vumm,柱面,41114,前5万词,
谕,yu,3974,3500字以后,yufg,御风,22469,前3万词,
谕,yu,3974,3500字以后,yufg,玉峰,35581,前5万词,
渤,bo,3981,3500字以后,boai,博爱,25466,前3万词,
舀,yao,3995,3500字以后,ycid,要拆,74169,5万词以后,
恿,yong,4001,3500字以后,yshv,用回,65492,5万词以后,
恿,yong,4001,3500字以后,yshv,永辉,70425,5万词以后,
恿,yong,4001,3500字以后,yshv,用汇,80447,5万词以后,
蕙,hui,4002,3500字以后,hvgv,回归,3788,前1万词,
蕙,hui,4002,3500字以后,hvgv,会规,42701,前5万词,
叱,chi,4026,3500字以后,iitu,赤兔,54206,5万词以后,
叱,chi,4026,3500字以后,iitu,吃土,67955,5万词以后,
讹,e,4029,3500字以后,eefu,阿附,40247,前5万词,
讹,e,4029,3500字以后,eefu,额驸,71593,5万词以后,
讹,e,4029,3500字以后,eefu,恶妇,78267,5万词以后,
俑,yong,4036,3500字以后,yskz,用口,76355,5万词以后,
笺,jian,4046,3500字以后,jmhe,剑河,74842,5万词以后,
恃,shi,4077,3500字以后,uivo,石桌,64804,5万词以后,
隋,sui,4089,3500字以后,svyz,虽有,8801,前1万词,
婢,bi,4092,3500字以后,biuc,比绍,40563,前5万词,
蚝,hao,4112,3500字以后,hcmg,好梦,19938,前3万词,
蚝,hao,4112,3500字以后,hcmg,好猛,76396,5万词以后,
弈,yi,4136,3500字以后,yitg,伊藤,58630,5万词以后,
盅,zhong,4154,3500字以后,vste,中特,70429,5万词以后,
欸,ai,4155,3500字以后,aihx,爱华,31907,前5万词,
欸,ai,4155,3500字以后,aihx,矮化,59670,5万词以后,
欸,ai,4155,3500字以后,aihx,爱花,65911,5万词以后,
邑,yi,4167,3500字以后,yitk,一听,2599,前1万词,
邑,yi,4167,3500字以后,yitk,一挺,66945,5万词以后,
邑,yi,4167,3500字以后,yitk,一厅,79842,5万词以后,
篪,chi,4168,3500字以后,iihr,迟缓,17782,前3万词,
篪,chi,4168,3500字以后,iihr,弛缓,57691,5万词以后,
窈,yao,4184,3500字以后,ycji,药剂,12958,前3万词,
窈,yao,4184,3500字以后,ycji,腰际,48318,前5万词,
窈,yao,4184,3500字以后,ycji,妖姬,57738,5万词以后,
窈,yao,4184,3500字以后,ycji,咬肌,75967,5万词以后,
蟾,chan,4193,3500字以后,ijmf,禅门,62549,5万词以后,
臼,jiu,4201,3500字以后,jqdd,就带,72834,5万词以后,
谟,mo,4202,3500字以后,moff,墨粉,38766,前5万词,
谟,mo,4202,3500字以后,moff,抹粉,54765,5万词以后,
箕,ji,4218,3500字以后,jihl,饥荒,18469,前3万词,
唏,xi,4236,3500字以后,xitp,喜帖,48948,前5万词,
殷,yan,4243,3500字以后,yjfh,严防,31999,前5万词,
殷,yan,4243,3500字以后,yjfh,验方,47808,前5万词,
筵,yan,4246,3500字以后,yjhl,炎黄,27924,前3万词,
筵,yan,4246,3500字以后,yjhl,盐荒,72124,5万词以后,
釉,you,4249,3500字以后,yzih,有偿,21183,前3万词,
釉,you,4249,3500字以后,yzih,油厂,59989,5万词以后,
螳,tang,4252,3500字以后,thmm,汤面,49202,前5万词,
菁,jing,4265,3500字以后,jkgz,竞购,42936,前5万词,
甬,yong,4267,3500字以后,yshz,用后,73267,5万词以后,
贻,yi,4284,3500字以后,yijt,议决,23195,前3万词,
贻,yi,4284,3500字以后,yijt,已决,65544,5万词以后,
贻,yi,4284,3500字以后,yijt,一绝,70887,5万词以后,
戟,ji,4285,3500字以后,jice,计策,20208,前3万词,
铀,you,4300,3500字以后,yzsh,忧桑,71791,5万词以后,
骥,ji,4307,3500字以后,jivl,集装,76983,5万词以后,
骥,ji,4307,3500字以后,jivl,机装,80956,5万词以后,
宕,dang,4313,3500字以后,dhjx,当家,8252,前1万词,
宕,dang,4313,3500字以后,dhjx,挡驾,62051,5万词以后,
缈,miao,4344,3500字以后,mnif,秒沉,72293,5万词以后,
钰,yu,4346,3500字以后,yusr,预算,3952,前1万词,
皙,xi,4347,3500字以后,xiwd,戏外,66935,5万词以后,
皙,xi,4347,3500字以后,xiwd,西外,70767,5万词以后,
咝,si,4348,3500字以后,siti,四体,55076,5万词以后,
咝,si,4348,3500字以后,siti,四蹄,66581,5万词以后,
皎,jiao,4368,3500字以后,jndp,交叠,28835,前3万词,
皎,jiao,4368,3500字以后,jndp,叫爹,70048,5万词以后,
噫,yi,4380,3500字以后,yitv,已退,30346,前5万词,
盂,yu,4387,3500字以后,yuce,预测,4907,前1万词,
迩,er,4389,3500字以后,ergl,耳光,6424,前1万词,
迩,er,4389,3500字以后,ergl,而光,81015,5万词以后,
觊,ji,4398,3500字以后,jihj,极寒,24059,前3万词,
觊,ji,4398,3500字以后,jihj,饥寒,29287,前3万词,
犄,ji,4413,3500字以后,jivo,几桌,34140,前5万词,
锜,qi,4422,3500字以后,qiso,其所,5669,前1万词,
邬,wu,4423,3500字以后,wujy,乌军,21502,前3万词,
邬,wu,4423,3500字以后,wujy,无菌,23565,前3万词,
咤,zha,4424,3500字以后,vatu,渣土,61054,5万词以后,
龇,zi,4425,3500字以后,zisu,自诉,25351,前3万词,
龇,zi,4425,3500字以后,zisu,紫苏,46468,前5万词,
箔,bo,4430,3500字以后,bohd,渤海,28365,前3万词,
鸾,luan,4443,3500字以后,lrtj,乱弹,57242,5万词以后,
鸾,luan,4443,3500字以后,lrtj,乱谈,70312,5万词以后,
鼬,you,4444,3500字以后,yzdh,游荡,9348,前1万词,
诿,wei,4451,3500字以后,wwfu,为夫,21956,前3万词,
诿,wei,4451,3500字以后,wwfu,为辅,28535,前3万词,
诿,wei,4451,3500字以后,wwfu,微幅,41029,前5万词,
诿,wei,4451,3500字以后,wwfu,微服,45953,前5万词,
诿,wei,4451,3500字以后,wwfu,为父,72959,5万词以后,
诿,wei,4451,3500字以后,wwfu,未付,76472,5万词以后,
熹,xi,4456,3500字以后,ximp,熄灭,5493,前1万词,
薏,yi,4467,3500字以后,yigv,衣柜,9227,前1万词,
薏,yi,4467,3500字以后,yigv,乙炔,41039,前5万词,
薏,yi,4467,3500字以后,yigv,依归,55289,5万词以后,
榭,xie,4477,3500字以后,xpwo,谢我,74175,5万词以后,
榭,xie,4477,3500字以后,xpwo,写我,76833,5万词以后,
扈,hu,4489,3500字以后,hubk,护兵,40556,前5万词,
扈,hu,4489,3500字以后,hubk,胡兵,71063,5万词以后,
昙,tan,4491,3500字以后,tjbh,碳棒,71725,5万词以后,
铆,mao,4495,3500字以后,mcsi,貌似,7258,前1万词,
铆,mao,4495,3500字以后,mcsi,冒死,49473,前5万词,
荚,jia,4502,3500字以后,jxgy,夹棍,42072,前5万词,
偃,yan,4505,3500字以后,yjku,严酷,24411,前3万词,
俟,si,4509,3500字以后,sikh,死扛,69266,5万词以后,
氰,qing,4512,3500字以后,qkdz,青豆,52304,5万词以后,
氰,qing,4512,3500字以后,qkdz,情窦,71103,5万词以后,
夙,su,4550,3500字以后,surf,俗人,20194,前3万词,
夙,su,4550,3500字以后,surf,素人,29723,前3万词,
蓟,ji,4571,3500字以后,jigg,机耕,62467,5万词以后,
贾,gu,4577,3500字以后,gucj,孤残,41281,前5万词,
龈,yin,4578,3500字以后,ybss,吟诵,32174,前5万词,
嗥,hao,4595,3500字以后,hctc,嚎啕,23569,前3万词,
嗥,hao,4595,3500字以后,hctc,号啕,32550,前5万词,
晞,xi,4604,3500字以后,xibp,系别,33081,前5万词,
晞,xi,4604,3500字以后,xibp,惜别,45372,前5万词,
菏,he,4605,3500字以后,hego,喝过,17335,前3万词,
峥,zheng,4630,3500字以后,vghe,整合,7174,前1万词,
峥,zheng,4630,3500字以后,vghe,郑和,27646,前3万词,
峥,zheng,4630,3500字以后,vghe,正合,64642,5万词以后,
蛭,zhi,4638,3500字以后,vimf,之门,11132,前3万词,
唢,suo,4650,3500字以后,sotj,所谈,76069,5万词以后,
苣,ju,4654,3500字以后,jugr,拘管,41904,前5万词,
苣,ju,4654,3500字以后,jugr,居官,57210,5万词以后,
靓,jing,4657,3500字以后,jkrj,竟然,203,前1万词,
靓,jing,4657,3500字以后,jkrj,井然,34911,前5万词,
婺,wu,4679,3500字以后,wuzu,无阻,19575,前3万词,
莅,li,4682,3500字以后,ligj,沥干,74204,5万词以后,
俳,pai,4697,3500字以后,pdke,排课,35886,前5万词,
俳,pai,4697,3500字以后,pdke,拍客,41983,前5万词,
俳,pai,4697,3500字以后,pdke,派克,47689,前5万词,
桀,jie,4704,3500字以后,jpfw,劫匪,24633,前3万词,
桀,jie,4704,3500字以后,jpfw,皆非,65384,5万词以后,
鹳,guan,4719,3500字以后,grgj,观感,33594,前5万词,
雉,zhi,4725,3500字以后,vihd,之海,65171,5万词以后,
雉,zhi,4725,3500字以后,vihd,之害,66200,5万词以后,
桎,zhi,4734,3500字以后,viwf,质问,6799,前1万词,
桎,zhi,4734,3500字以后,viwf,指纹,11292,前3万词,
桎,zhi,4734,3500字以后,viwf,只问,26480,前3万词,
桎,zhi,4734,3500字以后,viwf,之吻,57460,5万词以后,
桎,zhi,4734,3500字以后,viwf,只闻,65740,5万词以后,
桎,zhi,4734,3500字以后,viwf,之文,75684,5万词以后,
裨,bi,4756,3500字以后,bidc,笔刀,43079,前5万词,
姝,shu,4765,3500字以后,uuul,舒爽,30932,前5万词,
孳,zi,4780,3500字以后,zile,自乐,36330,前5万词,
铣,xi,4791,3500字以后,xise,喜色,19350,前3万词,
觐,jin,4826,3500字以后,jbrj,浸染,20333,前3万词,
觐,jin,4826,3500字以后,jbrj,尽然,33817,前5万词,
单,chan,4828,3500字以后,ijqq,铲球,72029,5万词以后,
薅,hao,4859,3500字以后,hcgo,好过,5671,前1万词,
忾,kai,4865,3500字以后,kdvd,开斋,37004,前5万词,
刍,chu,4868,3500字以后,iuge,出格,23311,前3万词,
刍,chu,4868,3500字以后,iuge,出阁,36359,前5万词,
刍,chu,4868,3500字以后,iuge,初哥,38568,前5万词,
刍,chu,4868,3500字以后,iuge,楚歌,48630,前5万词,
刍,chu,4868,3500字以后,iuge,出个,63287,5万词以后,
晔,ye,4885,3500字以后,yebc,业报,49209,前5万词,
碚,bei,4887,3500字以后,bwxt,被削,76464,5万词以后,
疸,dan,4888,3500字以后,djqp,胆怯,9530,前1万词,
骐,qi,4904,3500字以后,qivl,气壮,80061,5万词以后,
荨,qian,4911,3500字以后,qmgo,签过,73689,5万词以后,
荨,qian,4911,3500字以后,qmgo,前郭,77181,5万词以后,
祇,qi,4914,3500字以后,qidr,气短,36670,前5万词,
祇,qi,4914,3500字以后,qidr,七段,82011,5万词以后,
蓖,bi,4918,3500字以后,bigu,辟谷,53125,5万词以后,
蓖,bi,4918,3500字以后,bigu,鼻骨,65809,5万词以后,
氤,yin,4936,3500字以后,ybdy,隐遁,53099,5万词以后,
旎,ni,4939,3500字以后,nilu,泥路,74982,5万词以后,
呱,gu,4940,3500字以后,guti,固体,17075,前3万词,
呱,gu,4940,3500字以后,guti,古体,68958,5万词以后,
藿,huo,4943,3500字以后,hogd,活该,9650,前1万词,
毽,jian,4947,3500字以后,jmgl,见光,27079,前3万词,
阡,qian,4950,3500字以后,qmyc,前摇,26661,前3万词,
旖,yi,4960,3500字以后,yilo,遗落,19061,前3万词,
芊,qian,4970,3500字以后,qmgc,前高,76406,5万词以后,
伢,ya,4980,3500字以后,yaku,压库,41115,前5万词,
炷,zhu,4986,3500字以后,vupm,竹片,51943,5万词以后,
炷,zhu,4986,3500字以后,vupm,珠片,77664,5万词以后,
浬,li,4990,3500字以后,liah,里昂,25903,前3万词,
浬,li,4990,3500字以后,liah,利昂,57804,5万词以后,
颀,qi,4992,3500字以后,qihj,气焊,41287,前5万词,
靛,dian,5012,3500字以后,dmrs,电容,40944,前5万词,
谗,chan,5020,3500字以后,ijfa,阐发,52051,5万词以后,
鲅,ba,5021,3500字以后,basa,巴萨,48499,前5万词,
佚,yi,5030,3500字以后,yikh,益康,79422,5万词以后,
鹬,yu,5040,3500字以后,yuzj,玉簪,35911,前5万词,
趿,ta,5042,3500字以后,tass,她送,75238,5万词以后,
趿,ta,5042,3500字以后,tass,他送,77999,5万词以后,
碌,liu,5045,3500字以后,lqxp,流血,7469,前1万词,
碌,liu,5045,3500字以后,lqxp,流泻,30510,前5万词,
碌,liu,5045,3500字以后,lqxp,留些,65123,5万词以后,
碌,liu,5045,3500字以后,lqxp,刘勰,68785,5万词以后,
钹,bo,5050,3500字以后,bosa,播撒,38007,前5万词,
钹,bo,5050,3500字以后,bosa,播洒,60705,5万词以后,
傥,tang,5062,3500字以后,thke,堂课,63935,5万词以后,
嵊,sheng,5071,3500字以后,ughu,圣湖,36114,前5万词,
趄,ju,5075,3500字以后,juse,桔色,41532,前5万词,
趄,ju,5075,3500字以后,juse,惧色,45764,前5万词,
趄,ju,5075,3500字以后,juse,橘色,47990,前5万词,
綦,qi,5092,3500字以后,qiri,七日,10145,前3万词,
綦,qi,5092,3500字以后,qiri,期日,29210,前3万词,
鸪,gu,5101,3500字以后,gucj,孤残,41281,前5万词,
尉,yu,5102,3500字以后,yubo,余波,22480,前3万词,
尉,yu,5102,3500字以后,yubo,玉帛,45015,前5万词,
尉,yu,5102,3500字以后,yubo,羽博,81853,5万词以后,
鹞,yao,5110,3500字以后,ycij,腰缠,78224,5万词以后,
麂,ji,5112,3500字以后,jiqr,几圈,14385,前3万词,
麂,ji,5112,3500字以后,jiqr,鸡犬,29769,前3万词,
麂,ji,5112,3500字以后,jiqr,机圈,29777,前3万词,
麂,ji,5112,3500字以后,jiqr,集权,30767,前5万词,
麂,ji,5112,3500字以后,jiqr,极权,57551,5万词以后,
麂,ji,5112,3500字以后,jiqr,几拳,66864,5万词以后,
麂,ji,5112,3500字以后,jiqr,集全,69170,5万词以后,
毖,bi,5118,3500字以后,biuv,碧水,19325,前3万词,
毖,bi,5118,3500字以后,biuv,比谁,44055,前5万词,
毖,bi,5118,3500字以后,biuv,避税,58875,5万词以后,
毖,bi,5118,3500字以后,biuv,鼻水,69879,5万词以后,
葳,wei,5141,3500字以后,wwgu,尾骨,57642,5万词以后,
颉,jie,5145,3500字以后,jpmj,届满,8193,前1万词,
遒,qiu,5153,3500字以后,qqll,秋凉,34241,前5万词,
遒,qiu,5153,3500字以后,qqll,秋粮,61751,5万词以后,
畿,ji,5168,3500字以后,jiih,机场,4188,前1万词,
畿,ji,5168,3500字以后,jiih,几场,18991,前3万词,
畿,ji,5168,3500字以后,jiih,饥肠,45808,前5万词,
畿,ji,5168,3500字以后,jiih,鸡场,55265,5万词以后,
畿,ji,5168,3500字以后,jiih,鸡肠,71569,5万词以后,
畿,ji,5168,3500字以后,jiih,姬昌,78324,5万词以后,
楫,ji,5188,3500字以后,jiwf,鸡瘟,39540,前5万词,
楫,ji,5188,3500字以后,jiwf,祭文,52918,5万词以后,
楫,ji,5188,3500字以后,jiwf,急问,80458,5万词以后,
萋,qi,5192,3500字以后,qigu,七古,41745,前5万词,
萋,qi,5192,3500字以后,qigu,旗鼓,64014,5万词以后,
耆,qi,5197,3500字以后,qilb,麒麟,9237,前1万词,
圄,yu,5206,3500字以后,yujt,欲绝,19665,前3万词,
斛,hu,5220,3500字以后,hugc,胡搞,62064,5万词以后,
鹘,hu,5221,3500字以后,hurj,忽然,303,前1万词,
聿,yu,5227,3500字以后,yuee,余额,6527,前1万词,
钺,yue,5233,3500字以后,ytse,月色,4056,前1万词,
钺,yue,5233,3500字以后,ytse,约瑟,14513,前3万词,
钺,yue,5233,3500字以后,ytse,悦色,35263,前5万词,
唿,hu,5237,3500字以后,hutv,互推,69474,5万词以后,
踯,zhi,5242,3500字以后,visy,止损,15777,前3万词,
踯,zhi,5242,3500字以后,visy,侄孙,59993,5万词以后,
逶,wei,5267,3500字以后,wwnl,伪娘,69911,5万词以后,
碣,jie,5270,3500字以后,jpxr,节选,36601,前5万词,
悌,ti,5273,3500字以后,tive,提着,4799,前1万词,
悌,ti,5273,3500字以后,tive,踢着,76214,5万词以后,
龃,ju,5284,3500字以后,juse,桔色,41532,前5万词,
龃,ju,5284,3500字以后,juse,惧色,45764,前5万词,
龃,ju,5284,3500字以后,juse,橘色,47990,前5万词,
螫,shi,5293,3500字以后,uimm,失眠,5918,前1万词,
螫,shi,5293,3500字以后,uimm,世面,19276,前3万词,
螫,shi,5293,3500字以后,uimm,市面,21426,前3万词,
螫,shi,5293,3500字以后,uimm,饰面,59520,5万词以后,
螫,shi,5293,3500字以后,uimm,石棉,60736,5万词以后,
螫,shi,5293,3500字以后,uimm,十面,77394,5万词以后,
鹪,jiao,5304,3500字以后,jndj,交单,35264,前5万词,
吒,zha,5306,3500字以后,vatu,渣土,61054,5万词以后,
颍,ying,5308,3500字以后,ykuj,英山,77550,5万词以后,
隈,wei,5311,3500字以后,wwys,为用,21736,前3万词,
隈,wei,5311,3500字以后,wwys,未用,66806,5万词以后,
萸,yu,5315,3500字以后,yugx,雨刮,68683,5万词以后,
篦,bi,5319,3500字以后,bihu,庇护,12034,前3万词,
篦,bi,5319,3500字以后,bihu,壁虎,43009,前5万词,
痦,wu,5336,3500字以后,wuqt,无缺,26729,前3万词,
娈,luan,5339,3500字以后,lrtu,乱涂,75739,5万词以后,
锴,kai,5347,3500字以后,kdsd,开赛,48414,前5万词,
刈,yi,5349,3500字以后,yipg,一碰,63467,5万词以后,
埼,qi,5351,3500字以后,qimo,期末,12464,前3万词,
翦,jian,5359,3500字以后,jmlo,溅落,54680,5万词以后,
殁,mo,5364,3500字以后,mofh,模仿,5463,前1万词,
殁,mo,5364,3500字以后,mofh,魔方,28771,前3万词,
殁,mo,5364,3500字以后,mofh,磨房,34978,前5万词,
殁,mo,5364,3500字以后,mofh,磨坊,47685,前5万词,
殁,mo,5364,3500字以后,mofh,摹仿,56839,5万词以后,
蒺,ji,5370,3500字以后,jigh,济钢,42376,前5万词,
蒺,ji,5370,3500字以后,jigh,纪纲,60553,5万词以后,
盱,xu,5375,3500字以后,xubc,续保,25354,前3万词,
盱,xu,5375,3500字以后,xubc,虚报,35643,前5万词,
盱,xu,5375,3500字以后,xubc,须报,79177,5万词以后,
蹰,chu,5377,3500字以后,iuso,处所,23835,前3万词,
黼,fu,5381,3500字以后,funw,腹内,32653,前5万词,
黼,fu,5381,3500字以后,funw,府内,33154,前5万词,
歙,she,5382,3500字以后,uexx,设下,22378,前3万词,
仉,zhang,5383,3500字以后,vhkr,账款,15856,前3万词,
仉,zhang,5383,3500字以后,vhkr,长宽,49163,前5万词,
籼,xian,5396,3500字以后,xmzh,嫌脏,67997,5万词以后,
荸,bi,5398,3500字以后,bige,比格,51324,5万词以后,
荸,bi,5398,3500字以后,bige,逼格,67514,5万词以后,
竽,yu,5403,3500字以后,yuhc,愈好,82255,5万词以后,
蠹,du,5404,3500字以后,dujm,毒箭,57190,5万词以后,
锑,ti,5408,3500字以后,tise,体色,70088,5万词以后,
庠,xiang,5412,3500字以后,xlqu,想去,3871,前1万词,
庠,xiang,5412,3500字以后,xlqu,相去,28238,前3万词,
庠,xiang,5412,3500字以后,xlqu,乡曲,38615,前5万词,
绾,wan,5430,3500字以后,wjih,晚场,39220,前5万词,
腈,jing,5453,3500字以后,jkzz,竞走,38516,前5万词,
荜,bi,5475,3500字以后,bigc,比高,64463,5万词以后,
滹,hu,5494,3500字以后,huan,湖岸,32879,前5万词,
滹,hu,5494,3500字以后,huan,护岸,39535,前5万词,
芨,ji,5495,3500字以后,jigs,技工,27049,前3万词,
芨,ji,5495,3500字以后,jigs,机工,50185,5万词以后,
芨,ji,5495,3500字以后,jigs,记功,55368,5万词以后,
芨,ji,5495,3500字以后,jigs,鸡公,55542,5万词以后,
芨,ji,5495,3500字以后,jigs,济公,56321,5万词以后,
睥,pi,5500,3500字以后,pibc,皮包,15670,前3万词,
睥,pi,5500,3500字以后,pibc,皮薄,66407,5万词以后,
苡,yi,5506,3500字以后,yigr,一贯,9274,前1万词,
苡,yi,5506,3500字以后,yigr,一关,11889,前3万词,
苡,yi,5506,3500字以后,yigr,衣冠,17920,前3万词,
苡,yi,5506,3500字以后,yigr,一罐,23521,前3万词,
苡,yi,5506,3500字以后,yigr,一管,25814,前3万词,
苡,yi,5506,3500字以后,yigr,医官,32904,前5万词,
鹚,ci,5514,3500字以后,cilj,此栏,80756,5万词以后,
逦,li,5535,3500字以后,lill,力量,210,前1万词,
鸬,lu,5547,3500字以后,luvj,陆战,45473,前5万词,
卟,bu,5548,3500字以后,butv,不退,44073,前5万词,
偈,ji,5551,3500字以后,jikr,几款,28607,前3万词,
鸶,si,5554,3500字以后,siij,死缠,30953,前5万词,
鸶,si,5554,3500字以后,siij,私产,61217,5万词以后,
鳐,yao,5572,3500字以后,ycsv,咬碎,64904,5万词以后,
餍,yan,5578,3500字以后,yjqq,眼球,8988,前1万词,
垭,ya,5580,3500字以后,yamn,鸭苗,43706,前5万词,
桧,gui,5581,3500字以后,gvwh,鬼王,10645,前3万词,
畚,ben,5582,3500字以后,bfhh,本行,19436,前3万词,
嬖,bi,5586,3500字以后,bibu,鼻部,80747,5万词以后,
芘,bi,5590,3500字以后,bigu,辟谷,53125,5万词以后,
芘,bi,5590,3500字以后,bigu,鼻骨,65809,5万词以后,
蕲,qi,5604,3500字以后,qigh,气缸,52952,5万词以后,
蕲,qi,5604,3500字以后,qigh,汽缸,60106,5万词以后,
蜱,pi,5608,3500字以后,pimc,皮毛,13866,前3万词,
蜱,pi,5608,3500字以后,pimc,皮帽,55969,5万词以后,
伥,chang,5611,3500字以后,ihkd,敞开,7402,前1万词,
觥,gong,5632,3500字以后,gsge,宫格,83204,5万词以后,
帙,zhi,5660,3500字以后,viph,之旁,65480,5万词以后,
芪,qi,5663,3500字以后,qigr,器官,6013,前1万词,
芪,qi,5663,3500字以后,qigr,气管,9783,前1万词,
芪,qi,5663,3500字以后,qigr,奇观,30214,前5万词,
芪,qi,5663,3500字以后,qigr,气罐,50117,5万词以后,
芪,qi,5663,3500字以后,qigr,弃官,56398,5万词以后,
侑,you,5664,3500字以后,yzkz,有口,76812,5万词以后,
颢,hao,5674,3500字以后,hcbj,好办,12810,前3万词,
铊,tuo,5683,3500字以后,tosu,脱俗,18716,前3万词,
蓥,ying,5691,3500字以后,ykgs,硬弓,37283,前5万词,
蓥,ying,5691,3500字以后,ykgs,硬功,59759,5万词以后,
枨,cheng,5701,3500字以后,igwd,城外,8813,前1万词,
骒,ke,5709,3500字以后,kevh,科长,9855,前1万词,
骒,ke,5709,3500字以后,kevh,刻章,38969,前5万词,
骒,ke,5709,3500字以后,kevh,课长,56080,5万词以后,
畹,wan,5714,3500字以后,wjhk,玩坏,83138,5万词以后,
咴,hui,5725,3500字以后,hvtp,回帖,53734,5万词以后,
葸,xi,5769,3500字以后,xigv,西归,52628,5万词以后,
肼,jing,5779,3500字以后,jkzg,敬赠,43763,前5万词,
肼,jing,5779,3500字以后,jkzg,净增,61584,5万词以后,
酰,xian,5785,3500字以后,xmce,献策,47905,前5万词,
璎,ying,5807,3500字以后,ykru,映入,18548,前3万词,
啶,ding,5816,3500字以后,dkts,丁酮,79760,5万词以后,
彀,gou,5817,3500字以后,gzmh,够忙,69643,5万词以后,
芡,qian,5819,3500字以后,qmgx,牵挂,3184,前1万词,
芡,qian,5819,3500字以后,qmgx,乾卦,76667,5万词以后,
镓,jia,5821,3500字以后,jxso,枷锁,11203,前3万词,
镓,jia,5821,3500字以后,jxso,加锁,37223,前5万词,
呖,li,5858,3500字以后,liti,立体,11906,前3万词,
呖,li,5858,3500字以后,liti,例题,52422,5万词以后,
呖,li,5858,3500字以后,liti,离题,58418,5万词以后,
呖,li,5858,3500字以后,liti,隶体,81403,5万词以后,
戽,hu,5861,3500字以后,hubc,虎豹,33629,前5万词,
戽,hu,5861,3500字以后,hubc,互保,38372,前5万词,
戽,hu,5861,3500字以后,hubc,互爆,72196,5万词以后,
蒹,jian,5862,3500字以后,jmge,间隔,10218,前3万词,
蒹,jian,5862,3500字以后,jmge,剑阁,32616,前5万词,
蒹,jian,5862,3500字以后,jmge,见个,65118,5万词以后,
蛏,cheng,5863,3500字以后,igmm,成眠,39410,前5万词,
蛴,qi,5864,3500字以后,qimn,奇妙,5944,前1万词,
怫,fu,5883,3500字以后,fuvh,付账,21574,前3万词,
怫,fu,5883,3500字以后,fuvh,腹胀,31022,前5万词,
怫,fu,5883,3500字以后,fuvh,抚掌,50302,5万词以后,
绨,ti,5887,3500字以后,tiie,提车,83184,5万词以后,
磡,kan,5894,3500字以后,kjxi,看戏,14595,前3万词,
苴,ju,5908,3500字以后,juge,举个,20211,前3万词,
瞽,gu,5916,3500字以后,gumb,股民,34054,前5万词,
繇,you,5918,3500字以后,yzii,幼齿,70571,5万词以后,
佾,yi,5922,3500字以后,yikz,一口,439,前1万词,
佾,yi,5922,3500字以后,yikz,衣扣,52985,5万词以后,
妤,yu,5924,3500字以后,yuuz,玉手,5329,前1万词,
妤,yu,5924,3500字以后,yuuz,预售,13196,前3万词,
妤,yu,5924,3500字以后,yuuz,预收,47423,前5万词,
憷,chu,5930,3500字以后,iuvs,初中,4856,前1万词,
憷,chu,5930,3500字以后,iuvs,出众,9167,前1万词,
憷,chu,5930,3500字以后,iuvs,初衷,11701,前3万词,
菟,tu,5933,3500字以后,tugs,土工,77165,5万词以后,
峄,yi,5936,3500字以后,yihr,一环,16002,前3万词,
峄,yi,5936,3500字以后,yihr,医患,28685,前3万词,
峄,yi,5936,3500字以后,yihr,遗患,37679,前5万词,
峄,yi,5936,3500字以后,yihr,易患,68054,5万词以后,
峄,yi,5936,3500字以后,yihr,贻患,71747,5万词以后,
揠,ya,5945,3500字以后,yaou,亚欧,34221,前5万词,
劼,jie,5953,3500字以后,jpmi,杰米,24118,前3万词,
劼,jie,5953,3500字以后,jpmi,解密,40978,前5万词,
劼,jie,5953,3500字以后,jpmi,揭秘,54345,5万词以后,
劼,jie,5953,3500字以后,jpmi,解谜,58362,5万词以后,
嗌,ai,5960,3500字以后,aite,艾特,83199,5万词以后,
骓,zhui,5970,3500字以后,vvvd,追债,52518,5万词以后,
廛,chan,6011,3500字以后,ijqm,产钳,42599,前5万词,
廛,chan,6011,3500字以后,ijqm,产前,47224,前5万词,
畀,bi,6015,3500字以后,bihe,闭合,22265,前3万词,
畀,bi,6015,3500字以后,bihe,逼和,37577,前5万词,
畀,bi,6015,3500字以后,bihe,笔盒,52382,5万词以后,
蜣,qiang,6025,3500字以后,qlmb,强民,64831,5万词以后,
鸮,xiao,6026,3500字以后,xntj,笑谈,18328,前3万词,
鸮,xiao,6026,3500字以后,xntj,小摊,27381,前3万词,
恓,xi,6036,3500字以后,xivc,夕照,24697,前3万词,
恓,xi,6036,3500字以后,xivc,戏照,40420,前5万词,
恓,xi,6036,3500字以后,xivc,西照,77926,5万词以后,
镒,yi,6041,3500字以后,yise,一色,14584,前3万词,
镒,yi,6041,3500字以后,yise,异色,65237,5万词以后,
劬,qu,6058,3500字以后,quri,去日,35681,前5万词,
筼,yun,6067,3500字以后,yyhj,蕴含,3435,前1万词,
筼,yun,6067,3500字以后,yyhj,蕴涵,32909,前5万词,
伲,ni,6076,3500字以后,niku,你哭,72977,5万词以后,
郦,li,6099,3500字以后,lily,理论,938,前1万词,
郦,li,6099,3500字以后,lily,立论,49195,前5万词,
靰,wu,6100,3500字以后,wure,焐热,60350,5万词以后,
靰,wu,6100,3500字以后,wure,无热,80281,5万词以后,
颟,man,6109,3500字以后,mjgj,蛮干,48364,前5万词,
蝓,yu,6120,3500字以后,yumg,愚蒙,52164,5万词以后,
踬,zhi,6140,3500字以后,visj,之三,20492,前3万词,
踬,zhi,6140,3500字以后,visj,纸伞,25789,前3万词,
唼,sha,6142,3500字以后,uatu,沙土,23856,前3万词,
唼,sha,6142,3500字以后,uatu,砂土,58493,5万词以后,
唼,sha,6142,3500字以后,uatu,啥图,75225,5万词以后,
饹,ge,6148,3500字以后,geqq,个球,64207,5万词以后,
鲞,xiang,6150,3500字以后,xlns,香浓,32623,前5万词,
鲞,xiang,6150,3500字以后,xlns,香农,40467,前5万词,
鲞,xiang,6150,3500字以后,xlns,巷弄,67448,5万词以后,
鲞,xiang,6150,3500字以后,xlns,想弄,76907,5万词以后,
鳎,ta,6151,3500字以后,taso,他所,4505,前1万词,
鳎,ta,6151,3500字以后,taso,它所,14175,前3万词,
仵,wu,6152,3500字以后,wukv,无愧,10165,前3万词,
祓,fu,6156,3500字以后,fuda,福大,74762,5万词以后,
縻,mi,6157,3500字以后,miqi,眯起,11781,前3万词,
縻,mi,6157,3500字以后,miqi,米奇,55582,5万词以后,
雠,chou,6162,3500字以后,izdd,绸带,50597,5万词以后,
妣,bi,6177,3500字以后,biuu,避暑,28697,前3万词,
妣,bi,6177,3500字以后,biuu,比数,59813,5万词以后,
妣,bi,6177,3500字以后,biuu,必输,68013,5万词以后,
妣,bi,6177,3500字以后,biuu,笔数,77192,5万词以后,
崞,guo,6178,3500字以后,gohe,过河,14936,前3万词,
崞,guo,6178,3500字以后,gohe,果核,50200,5万词以后,
曈,tong,6181,3500字以后,tsbh,铜棒,43685,前5万词,
鼙,pi,6192,3500字以后,pimc,皮毛,13866,前3万词,
鼙,pi,6192,3500字以后,pimc,皮帽,55969,5万词以后,
绂,fu,6198,3500字以后,fuia,复查,19527,前3万词,
绂,fu,6198,3500字以后,fuia,俯察,59551,5万词以后,
绂,fu,6198,3500字以后,fuia,夫差,65485,5万词以后,
绂,fu,6198,3500字以后,fuia,富察,82679,5万词以后,
铌,ni,6201,3500字以后,nisu,泥塑,28551,前3万词,
雩,yu,6203,3500字以后,yulb,雨淋,20337,前3万词,
雩,yu,6203,3500字以后,yulb,雨林,24723,前3万词,
雩,yu,6203,3500字以后,yulb,鱼鳞,32431,前5万词,
雩,yu,6203,3500字以后,yulb,玉林,33948,前5万词,
雩,yu,6203,3500字以后,yulb,育林,49429,前5万词,
雩,yu,6203,3500字以后,yulb,榆林,50866,5万词以后,
雩,yu,6203,3500字以后,yulb,御林,83071,5万词以后,
槊,shuo,6210,3500字以后,uolw,说累,77064,5万词以后,
竦,song,6213,3500字以后,ssji,松鸡,53933,5万词以后,
绋,fu,6214,3500字以后,fuih,副厂,70340,5万词以后,
嫫,mo,6218,3500字以后,mouf,魔神,14016,前3万词,
薨,hong,6224,3500字以后,hsgu,鸿鹄,48689,前5万词,
薨,hong,6224,3500字以后,hsgu,红古,77263,5万词以后,
氘,dao,6229,3500字以后,dcdn,倒掉,25075,前3万词,
氘,dao,6229,3500字以后,dcdn,倒吊,77759,5万词以后,
畛,zhen,6230,3500字以后,vfhf,真狠,74247,5万词以后,
褙,bei,6235,3500字以后,bwdz,北斗,7490,前1万词,
埘,shi,6247,3500字以后,uimo,使魔,24049,前3万词,
埘,shi,6247,3500字以后,uimo,始末,30693,前5万词,
埘,shi,6247,3500字以后,uimo,石磨,45319,前5万词,
埘,shi,6247,3500字以后,uimo,石墨,54461,5万词以后,
箅,bi,6254,3500字以后,bihe,闭合,22265,前3万词,
箅,bi,6254,3500字以后,bihe,逼和,37577,前5万词,
箅,bi,6254,3500字以后,bihe,笔盒,52382,5万词以后,
屺,qi,6260,3500字以后,qihk,气坏,26839,前3万词,
嵴,ji,6261,3500字以后,jihz,季后,36780,前5万词,
跐,ci,6275,3500字以后,cisu,词素,41334,前5万词,
唑,zuo,6277,3500字以后,zotm,昨天,986,前1万词,
瘿,ying,6283,3500字以后,ykqu,迎娶,23245,前3万词,
瘿,ying,6283,3500字以后,ykqu,硬驱,42608,前5万词,
瘿,ying,6283,3500字以后,ykqu,赢取,44554,前5万词,
瘿,ying,6283,3500字以后,ykqu,营区,46151,前5万词,
瘿,ying,6283,3500字以后,ykqu,蝇蛆,71172,5万词以后,
酐,gan,6288,3500字以后,gjcc,甘草,22569,前3万词,
酐,gan,6288,3500字以后,gjcc,干草,30237,前5万词,
岢,ke,6291,3500字以后,keho,客货,38097,前5万词,
岢,ke,6291,3500字以后,keho,可获,73873,5万词以后,
寤,wu,6301,3500字以后,wujt,五绝,61041,5万词以后,
幞,fu,6302,3500字以后,fupn,浮漂,58130,5万词以后,
怿,yi,6303,3500字以后,yivr,一转,63197,5万词以后,
怿,yi,6303,3500字以后,yivr,已转,66700,5万词以后,
怿,yi,6303,3500字以后,yivr,医专,69712,5万词以后,
怿,yi,6303,3500字以后,yivr,移转,80274,5万词以后,
颉,xie,6314,3500字以后,xpmj,亵慢,56862,5万词以后,
颉,xie,6314,3500字以后,xpmj,写满,63365,5万词以后,
𪟝,ji,6315,3500字以后,jiri,几日,6291,前1万词,
𪟝,ji,6315,3500字以后,jiri,即日,29175,前3万词,
𪟝,ji,6315,3500字以后,jiri,吉日,44587,前5万词,
𪟝,ji,6315,3500字以后,jiri,忌日,46108,前5万词,
𪟝,ji,6315,3500字以后,jiri,祭日,50603,5万词以后,
𪟝,ji,6315,3500字以后,jiri,积日,81547,5万词以后,
芫,yuan,6328,3500字以后,yrge,远隔,30737,前5万词,
戢,ji,6336,3500字以后,jita,吉他,11058,前3万词,
戢,ji,6336,3500字以后,jita,吉它,56535,5万词以后,
棻,fen,6339,3500字以后,ffgw,分给,11204,前3万词,
跣,xian,6344,3500字以后,xmse,显色,69108,5万词以后,
跣,xian,6344,3500字以后,xmse,咸涩,81840,5万词以后,
鹇,xian,6349,3500字以后,xmrj,显然,436,前1万词,
屦,ju,6351,3500字以后,jubu,局部,5202,前1万词,
屦,ju,6351,3500字以后,jubu,拒不,9042,前1万词,
屦,ju,6351,3500字以后,jubu,举步,21523,前3万词,
屦,ju,6351,3500字以后,jubu,拘捕,44975,前5万词,
屦,ju,6351,3500字以后,jubu,拒捕,58276,5万词以后,
疬,li,6355,3500字以后,liqi,力气,1883,前1万词,
疬,li,6355,3500字以后,liqi,离奇,12740,前3万词,
疬,li,6355,3500字以后,liqi,利器,15683,前3万词,
疬,li,6355,3500字以后,liqi,戾气,20971,前3万词,
疬,li,6355,3500字以后,liqi,离弃,26782,前3万词,
疬,li,6355,3500字以后,liqi,李奇,40269,前5万词,
疬,li,6355,3500字以后,liqi,礼器,56165,5万词以后,
疬,li,6355,3500字以后,liqi,立起,63572,5万词以后,
疬,li,6355,3500字以后,liqi,李琦,72041,5万词以后,
芟,shan,6359,3500字以后,ujgh,山岗,23763,前3万词,
芟,shan,6359,3500字以后,ujgh,山冈,32433,前5万词,
铟,yin,6362,3500字以后,ybsy,阴损,55728,5万词以后,
桫,suo,6368,3500字以后,sowf,所闻,24427,前3万词,
桫,suo,6368,3500字以后,sowf,索吻,70960,5万词以后,
綮,qing,6392,3500字以后,qkbi,清碧,81003,5万词以后,
藠,jiao,6393,3500字以后,jngd,教改,58919,5万词以后,
埗,bu,6398,3500字以后,bumf,部门,659,前1万词,
柝,tuo,6400,3500字以后,towh,拖网,42104,前5万词,
簃,yi,6408,3500字以后,yihf,遗恨,40573,前5万词,
簃,yi,6408,3500字以后,yihf,已很,65951,5万词以后,
沩,wei,6421,3500字以后,wwai,为爱,4696,前1万词,
沩,wei,6421,3500字以后,wwai,胃癌,33649,前5万词,
沩,wei,6421,3500字以后,wwai,违碍,42740,前5万词,
窳,yu,6424,3500字以后,yuji,预计,6361,前1万词,
窳,yu,6424,3500字以后,yuji,雨季,12643,前3万词,
窳,yu,6424,3500字以后,yuji,余悸,25197,前3万词,
窳,yu,6424,3500字以后,yuji,虞姬,30469,前5万词,
窳,yu,6424,3500字以后,yuji,淤积,35217,前5万词,
窳,yu,6424,3500字以后,yuji,郁积,57165,5万词以后,
窳,yu,6424,3500字以后,yuji,于己,65014,5万词以后,
荑,yi,6431,3500字以后,yigx,一挂,75469,5万词以后,
塆,wan,6445,3500字以后,wjmb,万民,21990,前3万词,
玕,gan,6450,3500字以后,gjrc,干扰,4862,前1万词,
簟,dian,6451,3500字以后,dmhc,电耗,37925,前5万词,
簟,dian,6451,3500字以后,dmhc,点号,41658,前5万词,
翥,zhu,6455,3500字以后,vulo,猪猡,61359,5万词以后,
鸻,heng,6463,3500字以后,hgkj,横看,80745,5万词以后,
瘗,yi,6471,3500字以后,yiqm,以前,370,前1万词,
瘗,yi,6471,3500字以后,yiqm,一千,2955,前1万词,
瘗,yi,6471,3500字以后,yiqm,一签,35037,前5万词,
瘗,yi,6471,3500字以后,yiqm,壹仟,38520,前5万词,
砼,tong,6473,3500字以后,tsxm,铜线,54648,5万词以后,
砼,tong,6473,3500字以后,tsxm,同现,81777,5万词以后,
檗,bo,6491,3500字以后,bobw,拨备,66089,5万词以后,
仳,pi,6500,3500字以后,piku,皮裤,82974,5万词以后,
圯,yi,6501,3500字以后,yimk,一名,968,前1万词,
圯,yi,6501,3500字以后,yimk,佚名,35527,前5万词,
圯,yi,6501,3500字以后,yimk,易名,38172,前5万词,
圯,yi,6501,3500字以后,yimk,艺名,49921,前5万词,
圯,yi,6501,3500字以后,yimk,译名,53758,5万词以后,
圯,yi,6501,3500字以后,yimk,一命,63399,5万词以后,
圯,yi,6501,3500字以后,yimk,遗命,82458,5万词以后,
戋,jian,6506,3500字以后,jmee,奸恶,49745,前5万词,
鹛,mei,6520,3500字以后,mwbj,美版,59261,5万词以后,
嶷,yi,6526,3500字以后,yihs,一泓,64816,5万词以后,
嶷,yi,6526,3500字以后,yihs,怡红,69447,5万词以后,
鼢,fen,6538,3500字以后,ffdg,分等,82157,5万词以后,
侂,tuo,6540,3500字以后,toku,脱裤,69177,5万词以后,
嗍,suo,6541,3500字以后,sotz,缩头,30373,前5万词,
嗍,suo,6541,3500字以后,sotz,锁头,53217,5万词以后,
茓,xue,6553,3500字以后,xtgl,血光,10617,前3万词,
鹢,yi,6564,3500字以后,yilj,一览,23397,前3万词,
鹢,yi,6564,3500字以后,yilj,宜兰,70585,5万词以后,
毵,san,6572,3500字以后,sjhg,三横,79424,5万词以后,
燚,yi,6577,3500字以后,yipp,一瞥,14660,前3万词,
眭,sui,6580,3500字以后,svbm,随便,1291,前1万词,
苾,bi,6587,3500字以后,bigv,壁柜,62162,5万词以后,
迕,wu,6592,3500字以后,wuvl,武装,5027,前1万词,
迕,wu,6592,3500字以后,wuvl,五庄,43356,前5万词,
迕,wu,6592,3500字以后,wuvl,雾状,77162,5万词以后,
龢,he,6596,3500字以后,hexn,核销,52938,5万词以后,
哳,zha,6598,3500字以后,vath,炸膛,30091,前5万词,
圉,yu,6599,3500字以后,yuju,语句,13167,前3万词,
圉,yu,6599,3500字以后,yuju,豫剧,39673,前5万词,
圉,yu,6599,3500字以后,yuju,渔具,55620,5万词以后,
圉,yu,6599,3500字以后,yuju,雨具,57487,5万词以后,
圉,yu,6599,3500字以后,yuju,寓居,59887,5万词以后,
圉,yu,6599,3500字以后,yuju,浴具,82028,5万词以后,
垵,an,6601,3500字以后,anmu,暗牧,77221,5万词以后,
媭,xu,6602,3500字以后,xufu,虚浮,27409,前3万词,
筮,shi,6618,3500字以后,uihx,实话,4549,前1万词,
筮,shi,6618,3500字以后,uihx,石化,20173,前3万词,
筮,shi,6618,3500字以后,uihx,湿滑,32063,前5万词,
筮,shi,6618,3500字以后,uihx,市话,41022,前5万词,
筮,shi,6618,3500字以后,uihx,市花,57875,5万词以后,
筮,shi,6618,3500字以后,uihx,史话,62476,5万词以后,
曌,zhao,6640,3500字以后,vcbm,找遍,31773,前5万词,
芑,qi,6645,3500字以后,qigk,奇怪,987,前1万词,
莩,fu,6647,3500字以后,fuge,副歌,47485,前5万词,
莩,fu,6647,3500字以后,fuge,富哥,63490,5万词以后,
莩,fu,6647,3500字以后,fuge,赋格,71430,5万词以后,
袪,qu,6648,3500字以后,qudh,去当,64119,5万词以后,
鹆,yu,6658,3500字以后,yulj,玉兰,9528,前1万词,
鹆,yu,6658,3500字以后,yulj,预览,54460,5万词以后,
鼍,tuo,6659,3500字以后,toth,拖堂,58645,5万词以后,
噍,jiao,6661,3500字以后,jntp,角铁,38189,前5万词,
噍,jiao,6661,3500字以后,jntp,脚贴,71757,5万词以后,
噍,jiao,6661,3500字以后,jntp,胶贴,76768,5万词以后,
堙,yin,6664,3500字以后,ybmm,阴面,46288,前5万词,
璆,qiu,6671,3500字以后,qqrf,求人,10086,前3万词,
乂,yi,6685,3500字以后,yipp,一瞥,14660,前3万词,
慊,qian,6689,3500字以后,qmve,牵着,3574,前1万词,
慊,qian,6689,3500字以后,qmve,前者,8191,前1万词,
慊,qian,6689,3500字以后,qmve,欠着,33484,前5万词,
榑,fu,6698,3500字以后,fuwo,俯卧,29499,前3万词,
榑,fu,6698,3500字以后,fuwo,服我,73921,5万词以后,
榑,fu,6698,3500字以后,fuwo,负我,75252,5万词以后,
瘅,dan,6704,3500字以后,djqq,但求,16701,前3万词,
瘅,dan,6704,3500字以后,djqq,弹球,62835,5万词以后,
鸺,xiu,6725,3500字以后,xqkj,休刊,82031,5万词以后,
鹎,bei,6726,3500字以后,bwdj,被单,28482,前3万词,
伋,ji,6729,3500字以后,jiks,疾控,13745,前3万词,
旆,pei,6737,3500字以后,pwlp,配列,29703,前3万词,
簏,lu,6750,3500字以后,luhu,路虎,24971,前3万词,
缊,yun,6751,3500字以后,yyie,晕车,11406,前3万词,
舾,xi,6753,3500字以后,xicc,系草,70134,5万词以后,
舾,xi,6753,3500字以后,xicc,铣槽,81804,5万词以后,
舾,xi,6753,3500字以后,xicc,席草,81877,5万词以后,
劓,yi,6763,3500字以后,yidg,一等,9658,前1万词,
劓,yi,6763,3500字以后,yidg,乙等,56084,5万词以后,
卺,jin,6764,3500字以后,jbbk,进兵,29139,前3万词,
卺,jin,6764,3500字以后,jbbk,金兵,74125,5万词以后,
卺,jin,6764,3500字以后,jbbk,筋饼,81991,5万词以后,
嘧,mi,6765,3500字以后,mith,蜜糖,30446,前5万词,
嘧,mi,6765,3500字以后,mith,米汤,50889,5万词以后,
埤,pi,6767,3500字以后,pimc,皮毛,13866,前3万词,
埤,pi,6767,3500字以后,pimc,皮帽,55969,5万词以后,
屾,shen,6769,3500字以后,ufhh,深航,42082,前5万词,
碲,di,6774,3500字以后,dixp,低些,68967,5万词以后,
禔,zhi,6775,3500字以后,vids,制动,18055,前3万词,
禔,zhi,6775,3500字以后,vids,之冬,60581,5万词以后,
禔,zhi,6775,3500字以后,vids,只懂,65469,5万词以后,
谫,jian,6782,3500字以后,jmfg,剑锋,16554,前3万词,
谫,jian,6782,3500字以后,jmfg,尖峰,55885,5万词以后,
谫,jian,6782,3500字以后,jmfg,肩峰,80399,5万词以后,
郃,he,6785,3500字以后,hexy,和讯,73561,5万词以后,
镎,na,6788,3500字以后,naso,那所,14001,前3万词,
镎,na,6788,3500字以后,naso,哪所,68057,5万词以后,
岈,ya,6797,3500字以后,yahu,雅虎,44969,前5万词,
碨,wei,6817,3500字以后,wwxs,为兄,34318,前5万词,
碶,qi,6818,3500字以后,qixy,奇勋,41801,前5万词,
碶,qi,6818,3500字以后,qixy,七旬,54632,5万词以后,
篥,li,6821,3500字以后,lihw,黧黑,56844,5万词以后,
阘,ta,6831,3500字以后,taro,他若,73916,5万词以后,
韂,chan,6834,3500字以后,ijrf,缠人,54437,5万词以后,
鲉,you,6836,3500字以后,yzsh,忧桑,71791,5万词以后,
崤,xiao,6841,3500字以后,xnhz,小猴,74575,5万词以后,
蓐,ru,6858,3500字以后,rugo,如果,16,前1万词,
蓐,ru,6858,3500字以后,rugo,辱国,83349,5万词以后,
圜,yuan,6867,3500字以后,yrjl,原浆,37230,前5万词,
圜,yuan,6867,3500字以后,yrjl,元江,70937,5万词以后,
玡,ya,6879,3500字以后,yaru,压入,68763,5万词以后,
脒,mi,6888,3500字以后,mizz,迷走,79322,5万词以后,
蓣,yu,6891,3500字以后,yugj,预感,8402,前1万词,
蓣,yu,6891,3500字以后,yugj,鱼竿,22118,前3万词,
蓣,yu,6891,3500字以后,yugj,鱼干,51157,5万词以后,
蓣,yu,6891,3500字以后,yugj,语感,52590,5万词以后,
訚,yin,6894,3500字以后,ybrf,引人,8308,前1万词,
訚,yin,6894,3500字以后,ybrf,隐忍,9119,前1万词,
訚,yin,6894,3500字以后,ybrf,阴人,75136,5万词以后,
镄,fei,6900,3500字以后,fwsj,飞散,44939,前5万词,
陴,pi,6904,3500字以后,piyc,辟谣,49390,前5万词,
骕,su,6930,3500字以后,suvl,诉状,13479,前3万词,
鹀,wu,6931,3500字以后,wumj,侮慢,62239,5万词以后,
虓,xiao,6953,3500字以后,xnhr,小环,74194,5万词以后,
亹,wei,6961,3500字以后,wwee,巍峨,11769,前3万词,
匜,yi,6964,3500字以后,yirf,一人,753,前1万词,
匜,yi,6964,3500字以后,yirf,伊人,12689,前3万词,
匜,yi,6964,3500字以后,yirf,艺人,13537,前3万词,
匜,yi,6964,3500字以后,yirf,宜人,25220,前3万词,
匜,yi,6964,3500字以后,yirf,怡人,34015,前5万词,
匜,yi,6964,3500字以后,yirf,苡仁,39227,前5万词,
匜,yi,6964,3500字以后,yirf,亿人,63420,5万词以后,
匜,yi,6964,3500字以后,yirf,一任,63457,5万词以后,
匜,yi,6964,3500字以后,yirf,薏仁,70501,5万词以后,
匜,yi,6964,3500字以后,yirf,彝人,77857,5万词以后,
匜,yi,6964,3500字以后,yirf,翼人,83326,5万词以后,
坜,li,6966,3500字以后,limi,厘米,6290,前1万词,
坜,li,6966,3500字以后,limi,粒米,66683,5万词以后,
堉,yu,6969,3500字以后,yumz,预谋,22785,前3万词,
嫪,lao,6972,3500字以后,lcuf,老身,17602,前3万词,
嫪,lao,6972,3500字以后,lcuf,劳神,48150,前5万词,
毐,ai,6986,3500字以后,aimi,艾米,21117,前3万词,
硙,wei,7002,3500字以后,wwxk,卫星,8037,前1万词,
硙,wei,7002,3500字以后,wwxk,微型,20522,前3万词,
硙,wei,7002,3500字以后,wwxk,微行,40490,前5万词,
硙,wei,7002,3500字以后,wwxk,微星,63060,5万词以后,
硙,wei,7002,3500字以后,wwxk,尾行,70306,5万词以后,
耤,ji,7006,3500字以后,jilb,吉林,13818,前3万词,
胨,dong,7007,3500字以后,dszc,冬枣,69404,5万词以后,
艽,jiao,7009,3500字以后,jngh,角钢,41040,前5万词,
蒨,qian,7011,3500字以后,qmgz,钱够,73594,5万词以后,
跽,ji,7016,3500字以后,jisv,几岁,7893,前1万词,
跽,ji,7016,3500字以后,jisv,击碎,22305,前3万词,
跽,ji,7016,3500字以后,jisv,脊髓,22394,前3万词,
跽,ji,7016,3500字以后,jisv,既遂,64776,5万词以后,
醯,xi,7017,3500字以后,xice,西侧,31003,前5万词,
镱,yi,7019,3500字以后,yisv,一岁,9845,前1万词,
镱,yi,7019,3500字以后,yisv,易碎,23097,前3万词,
鸲,qu,7023,3500字以后,qurj,阒然,40435,前5万词,
橦,tong,7042,3500字以后,tswh,通往,5783,前1万词,
橦,tong,7042,3500字以后,tswh,同往,27719,前3万词,
橦,tong,7042,3500字以后,tswh,通网,33125,前5万词,
洚,jiang,7044,3500字以后,jlan,江岸,33598,前5万词,
洚,jiang,7044,3500字以后,jlan,江安,46851,前5万词,
潾,lin,7049,3500字以后,lban,临安,27697,前3万词,
潾,lin,7049,3500字以后,lban,磷铵,81248,5万词以后,
筅,xian,7058,3500字以后,xmhe,显赫,13803,前3万词,
筅,xian,7058,3500字以后,xmhe,仙鹤,32692,前5万词,
筅,xian,7058,3500字以后,xmhe,先河,39374,前5万词,
篯,jian,7059,3500字以后,jmhe,剑河,74842,5万词以后,
簠,fu,7060,3500字以后,fuhe,符合,1193,前1万词,
簠,fu,7060,3500字以后,fuhe,附和,8880,前1万词,
簠,fu,7060,3500字以后,fuhe,复合,10136,前3万词,
簠,fu,7060,3500字以后,fuhe,负荷,11427,前3万词,
簠,fu,7060,3500字以后,fuhe,复核,14216,前3万词,
脩,xiu,7066,3500字以后,xqkz,袖口,17181,前3万词,
茈,ci,7068,3500字以后,cigu,刺骨,13123,前3万词,
茈,ci,7068,3500字以后,cigu,慈姑,41736,前5万词,
茈,ci,7068,3500字以后,cigu,磁鼓,42644,前5万词,
茈,ci,7068,3500字以后,cigu,刺股,82982,5万词以后,
贳,shi,7084,3500字以后,uirj,释然,2460,前1万词,
贳,shi,7084,3500字以后,uirj,使然,16729,前3万词,
贳,shi,7084,3500字以后,uirj,实然,60835,5万词以后,
郐,kuai,7087,3500字以后,kkxy,快讯,36891,前5万词,
铫,diao,7089,3500字以后,dnse,掉色,22844,前3万词,
饫,yu,7095,3500字以后,yuqy,鱼群,34677,前5万词,
黥,qing,7101,3500字以后,qkdy,清炖,58695,5万词以后,
吲,yin,7106,3500字以后,ybtn,银条,60012,5万词以后,
妧,yuan,7118,3500字以后,yrue,远涉,58862,5万词以后,
妧,yuan,7118,3500字以后,yrue,远射,60810,5万词以后,
屃,xi,7120,3500字以后,xibj,戏班,49930,前5万词,
嵝,lou,7122,3500字以后,lzhu,漏壶,38717,前5万词,
廙,yi,7126,3500字以后,yiql,一枪,6733,前1万词,
廙,yi,7126,3500字以后,yiql,一腔,16168,前3万词,
廙,yi,7126,3500字以后,yiql,翼墙,81896,5万词以后,
昡,xuan,7130,3500字以后,xrbi,悬臂,37671,前5万词,
昡,xuan,7130,3500字以后,xrbi,宣笔,44474,前5万词,
昡,xuan,7130,3500字以后,xrbi,旋臂,81150,5万词以后,
暕,jian,7133,3500字以后,jmbi,贱婢,33666,前5万词,
暕,jian,7133,3500字以后,jmbi,间壁,57567,5万词以后,
暕,jian,7133,3500字以后,jmbi,坚壁,60152,5万词以后,
暕,jian,7133,3500字以后,jmbi,简笔,69708,5万词以后,
暕,jian,7133,3500字以后,jmbi,贱逼,77891,5万词以后,
棨,qi,7134,3500字以后,qibw,齐备,34658,前5万词,
榃,tan,7136,3500字以后,tjwh,探望,10395,前3万词,
檠,qing,7137,3500字以后,qkgw,请给,44094,前5万词,
溹,suo,7153,3500字以后,soai,所爱,8629,前1万词,
溹,suo,7153,3500字以后,soai,索爱,61211,5万词以后,
爔,xi,7169,3500字以后,xipb,细品,64486,5万词以后,
畤,zhi,7182,3500字以后,viho,之火,13896,前3万词,
疰,zhu,7183,3500字以后,vuqm,竹签,31384,前5万词,
碏,que,7192,3500字以后,qtxb,确信,9398,前1万词,
碏,que,7192,3500字以后,qtxb,缺锌,71831,5万词以后,
窅,yao,7195,3500字以后,ycjb,要紧,5518,前1万词,
窅,yao,7195,3500字以后,ycjb,咬紧,17942,前3万词,
窅,yao,7195,3500字以后,ycjb,要津,40642,前5万词,
窅,yao,7195,3500字以后,ycjb,药劲,71198,5万词以后,
窅,yao,7195,3500字以后,ycjb,要进,81911,5万词以后,
簖,duan,7196,3500字以后,drhh,断航,43147,前5万词,
粞,xi,7197,3500字以后,xizc,洗澡,4531,前1万词,
胂,shen,7205,3500字以后,ufzh,肾脏,17526,前3万词,
蝤,qiu,7220,3500字以后,qqmc,球帽,66977,5万词以后,
蝤,you,7221,3500字以后,yzmc,幼猫,70328,5万词以后,
蝤,you,7221,3500字以后,yzmc,有毛,73351,5万词以后,
釐,xi,7236,3500字以后,xilh,细浪,79327,5万词以后,
鞫,ju,7242,3500字以后,jurf,巨人,6649,前1万词,
鞫,ju,7242,3500字以后,jurf,举人,21622,前3万词,
鳡,gan,7255,3500字以后,gjsv,干碎,30198,前5万词,
㕮,fu,7260,3500字以后,futp,服贴,29734,前3万词,
㕮,fu,7260,3500字以后,futp,服帖,36296,前5万词,
㕮,fu,7260,3500字以后,futp,敷贴,40826,前5万词,
㙘,yao,7263,3500字以后,ycmu,要目,21103,前3万词,
㙘,yao,7263,3500字以后,ycmu,耀目,48236,前5万词,
㙦,xie,7264,3500字以后,xpxm,挟嫌,42715,前5万词,
㙦,xie,7264,3500字以后,xpxm,斜线,52566,5万词以后,
㛃,jie,7265,3500字以后,jpru,介入,11234,前3万词,
㛃,jie,7265,3500字以后,jpru,接入,16143,前3万词,
㛃,jie,7265,3500字以后,jpru,借入,77034,5万词以后,
㤘,zhou,7271,3500字以后,vzve,皱褶,30927,前5万词,
㤘,zhou,7271,3500字以后,vzve,周折,32337,前5万词,
㤘,zhou,7271,3500字以后,vzve,皱折,57803,5万词以后,
㤘,zhou,7271,3500字以后,vzve,皱着,63306,5万词以后,
㬎,xian,7278,3500字以后,xmbp,先别,13472,前3万词,
㿠,huang,7295,3500字以后,hlde,晃得,72402,5万词以后,
䓫,qi,7311,3500字以后,qigo,齐国,9214,前1万词,
䓫,qi,7311,3500字以后,qigo,起锅,34187,前5万词,
䓫,qi,7311,3500字以后,qigo,七国,66062,5万词以后,
䜣,xin,7317,3500字以后,xbfh,心房,9786,前1万词,
䜣,xin,7317,3500字以后,xbfh,信访,11998,前3万词,
䜣,xin,7317,3500字以后,xbfh,新房,15781,前3万词,
䥽,po,7322,3500字以后,posa,泼洒,27649,前3万词,
䲟,yin,7324,3500字以后,ybsi,隐私,8470,前1万词,
䲟,yin,7324,3500字以后,ybsi,银丝,29209,前3万词,
䲟,yin,7324,3500字以后,ybsi,阴私,37348,前5万词,
䲟,yin,7324,3500字以后,ybsi,阴司,41397,前5万词,
䲟,yin,7324,3500字以后,ybsi,因私,55015,5万词以后,
䴓,shi,7327,3500字以后,uipj,实盘,59513,5万词以后,
䴖,jing,7330,3500字以后,jkrj,竟然,203,前1万词,
䴖,jing,7330,3500字以后,jkrj,井然,34911,前5万词,
䴗,ju,7331,3500字以后,jubj,举办,5140,前1万词,
䴙,pi,7333,3500字以后,pibj,皮瓣,76890,5万词以后,
伯,bai,7343,3500字以后,bdkd,掰开,20747,前3万词,
伯,bai,7343,3500字以后,bdkd,摆开,31377,前5万词,
侁,shen,7349,3500字以后,ufke,深刻,1693,前1万词,
兹,ci,7372,3500字以后,cili,此理,28352,前3万词,
兹,ci,7372,3500字以后,cili,磁力,45228,前5万词,
兹,ci,7372,3500字以后,cili,此例,68569,5万词以后,
兹,ci,7372,3500字以后,cili,慈利,75072,5万词以后,
兹,ci,7372,3500字以后,cili,刺梨,78883,5万词以后,
刭,jing,7379,3500字以后,jkmg,惊梦,52764,5万词以后,
勚,yi,7386,3500字以后,yiri,一日,1917,前1万词,
勚,yi,7386,3500字以后,yiri,翌日,15833,前3万词,
勚,yi,7386,3500字以后,yiri,异日,57720,5万词以后,
厾,du,7390,3500字以后,dubh,杜邦,62881,5万词以后,
咇,bi,7399,3500字以后,bitv,逼退,64623,5万词以后,
咺,xuan,7402,3500字以后,xrtp,玄铁,47988,前5万词,
哢,long,7404,3500字以后,lstg,龙腾,83551,5万词以后,
哱,bo,7405,3500字以后,bote,波特,7354,前1万词,
嘘,shi,7412,3500字以后,uitn,十条,2336,前1万词,
嘘,shi,7412,3500字以后,uitn,失调,16501,前3万词,
圲,qian,7422,3500字以后,qmmc,前茅,31844,前5万词,
垾,han,7434,3500字以后,hjmc,汗毛,17474,前3万词,
垾,han,7434,3500字以后,hjmc,寒毛,33064,前5万词,
垿,xu,7435,3500字以后,xumz,蓄谋,50810,5万词以后,
埔,bu,7438,3500字以后,bumw,不寐,68382,5万词以后,
埔,bu,7438,3500字以后,bumw,不美,73480,5万词以后,
墕,yan,7447,3500字以后,yjmp,湮灭,14220,前3万词,
婞,xing,7468,3500字以后,xkuu,行数,29440,前3万词,
婞,xing,7468,3500字以后,xkuu,杏树,32798,前5万词,
婞,xing,7468,3500字以后,xkuu,行署,37582,前5万词,
婞,xing,7468,3500字以后,xkuu,行书,40974,前5万词,
婠,wan,7469,3500字以后,wjuh,晚上,398,前1万词,
婠,wan,7469,3500字以后,wjuh,玩赏,54384,5万词以后,
媱,yao,7476,3500字以后,ycuv,药水,15917,前3万词,
媱,yao,7476,3500字以后,ycuv,舀水,54035,5万词以后,
嫕,yi,7478,3500字以后,yiuv,一睡,75273,5万词以后,
嫠,li,7480,3500字以后,lilu,利禄,33577,前5万词,
嫠,li,7480,3500字以后,lilu,理路,61143,5万词以后,
岊,jie,7492,3500字以后,jpkh,拮抗,50926,5万词以后,
岨,ju,7495,3500字以后,juhe,聚合,16094,前3万词,
岨,ju,7495,3500字以后,juhe,居合,24162,前3万词,
岨,qu,7496,3500字以后,quhe,去喝,73797,5万词以后,
岨,qu,7496,3500字以后,quhe,去核,74902,5万词以后,
峙,shi,7500,3500字以后,uiho,失火,25826,前3万词,
峙,shi,7500,3500字以后,uiho,识货,25923,前3万词,
峙,shi,7500,3500字以后,uiho,似火,26310,前3万词,
峙,shi,7500,3500字以后,uiho,时或,34446,前5万词,
峙,shi,7500,3500字以后,uiho,释惑,62113,5万词以后,
峙,shi,7500,3500字以后,uiho,失活,68519,5万词以后,
峙,shi,7500,3500字以后,uiho,湿货,70661,5万词以后,
峙,shi,7500,3500字以后,uiho,食货,72214,5万词以后,
崶,feng,7508,3500字以后,fgho,烽火,18739,前3万词,
崶,feng,7508,3500字以后,fgho,风火,26005,前3万词,
崶,feng,7508,3500字以后,fgho,封火,42182,前5万词,
崾,yao,7509,3500字以后,ychu,药壶,71979,5万词以后,
崾,yao,7509,3500字以后,ychu,妖狐,75130,5万词以后,
巇,xi,7517,3500字以后,xihe,西河,37057,前5万词,
巇,xi,7517,3500字以后,xihe,熙和,60176,5万词以后,
巇,xi,7517,3500字以后,xihe,细河,74665,5万词以后,
巇,xi,7517,3500字以后,xihe,西和,75036,5万词以后,
廆,wei,7526,3500字以后,wwqp,畏怯,54959,5万词以后,
徛,ji,7531,3500字以后,jiko,机括,68313,5万词以后,
慥,zao,7550,3500字以后,zcvl,枣庄,49843,前5万词,
慭,yin,7552,3500字以后,yblv,音律,32983,前5万词,
憺,dan,7556,3500字以后,djvf,单帧,65609,5万词以后,
戤,gai,7560,3500字以后,gdse,改色,55306,5万词以后,
扅,yi,7563,3500字以后,yibf,一本,1850,前1万词,
扅,yi,7563,3500字以后,yibf,译本,27137,前3万词,
扅,yi,7563,3500字以后,yibf,乙苯,80661,5万词以后,
敩,xiao,7589,3500字以后,xnjq,小舅,35520,前5万词,
敩,xiao,7589,3500字以后,xnjq,小九,74335,5万词以后,
斠,jiao,7591,3500字以后,jngc,较高,5745,前1万词,
斠,jiao,7591,3500字以后,jngc,交稿,35818,前5万词,
旴,xu,7595,3500字以后,xubc,续保,25354,前3万词,
旴,xu,7595,3500字以后,xubc,虚报,35643,前5万词,
旴,xu,7595,3500字以后,xubc,须报,79177,5万词以后,
昈,hu,7598,3500字以后,hubb,湖滨,49833,前5万词,
晊,zhi,7604,3500字以后,vibf,直奔,6432,前1万词,
晊,zhi,7604,3500字以后,vibf,之本,12754,前3万词,
晊,zhi,7604,3500字以后,vibf,治本,23032,前3万词,
朏,fei,7614,3500字以后,fwzh,肺脏,55267,5万词以后,
期,ji,7615,3500字以后,jirz,肌肉,3364,前1万词,
期,ji,7615,3500字以后,jirz,鸡肉,25237,前3万词,
椸,yi,7650,3500字以后,yiwf,疑问,3294,前1万词,
椸,yi,7650,3500字以后,yiwf,译文,14046,前3万词,
椸,yi,7650,3500字以后,yiwf,一文,15056,前3万词,
椸,yi,7650,3500字以后,yiwf,逸闻,36952,前5万词,
椸,yi,7650,3500字以后,yiwf,异闻,37704,前5万词,
椸,yi,7650,3500字以后,yiwf,轶闻,59765,5万词以后,
椸,yi,7650,3500字以后,yiwf,一问,63327,5万词以后,
椸,yi,7650,3500字以后,yiwf,艺文,73006,5万词以后,
椸,yi,7650,3500字以后,yiwf,一闻,75802,5万词以后,
楷,jie,7654,3500字以后,jpwd,界外,48755,前5万词,
槚,jia,7658,3500字以后,jxwj,甲烷,55007,5万词以后,
槚,jia,7658,3500字以后,jxwj,加完,64596,5万词以后,
毌,guan,7667,3500字以后,grii,管吃,66958,5万词以后,
毪,mu,7668,3500字以后,mugv,木柜,59051,5万词以后,
泷,shuang,7681,3500字以后,ulan,双安,39954,前5万词,
湴,ban,7705,3500字以后,bjan,办案,6226,前1万词,
澽,ju,7725,3500字以后,juao,倨傲,26330,前3万词,
炮,bao,7736,3500字以后,bcpk,宝瓶,67614,5万词以后,
炮,bao,7736,3500字以后,bcpk,保平,75846,5万词以后,
煋,xing,7745,3500字以后,xkpm,行骗,54252,5万词以后,
牮,jian,7757,3500字以后,jmkv,减亏,39793,前5万词,
犍,qian,7760,3500字以后,qmvl,钱庄,46210,前5万词,
珋,liu,7777,3500字以后,lqri,六日,22192,前3万词,
珋,liu,7777,3500字以后,lqri,留日,38339,前5万词,
珕,li,7780,3500字以后,liri,丽日,49974,前5万词,
珝,xu,7782,3500字以后,xuro,虚弱,5541,前1万词,
珢,yin,7783,3500字以后,ybrs,音容,36566,前5万词,
琔,dian,7788,3500字以后,dmrs,电容,40944,前5万词,
瑓,lian,7796,3500字以后,lmri,连日,26434,前3万词,
疐,zhi,7816,3500字以后,vics,只从,65101,5万词以后,
痃,xuan,7819,3500字以后,xrqi,悬起,59695,5万词以后,
瘕,jia,7822,3500字以后,jxqq,假球,41409,前5万词,
皭,jiao,7832,3500字以后,jndo,较多,5049,前1万词,
睎,xi,7836,3500字以后,xibp,系别,33081,前5万词,
睎,xi,7836,3500字以后,xibp,惜别,45372,前5万词,
磜,qi,7849,3500字以后,qixt,气血,10720,前3万词,
磜,qi,7849,3500字以后,qixt,泣血,46828,前5万词,
磜,qi,7849,3500字以后,qixt,弃学,54889,5万词以后,
磜,qi,7849,3500字以后,qixt,气穴,79427,5万词以后,
禒,xian,7858,3500字以后,xmdo,嫌多,31698,前5万词,
竘,qu,7874,3500字以后,qujt,取决,8535,前1万词,
笾,bian,7879,3500字以后,bmhl,变黄,36130,前5万词,
筦,guan,7884,3500字以后,grhe,关河,78598,5万词以后,
篚,fei,7888,3500字以后,fwhe,飞鹤,35331,前5万词,
繄,yi,7897,3500字以后,yiri,一日,1917,前1万词,
繄,yi,7897,3500字以后,yiri,翌日,15833,前3万词,
繄,yi,7897,3500字以后,yiri,异日,57720,5万词以后,
约,yao,7898,3500字以后,ycia,药茶,40781,前5万词,
约,yao,7898,3500字以后,ycia,药叉,42697,前5万词,
约,yao,7898,3500字以后,ycia,要查,73529,5万词以后,
约,yao,7898,3500字以后,ycia,要差,73951,5万词以后,
缉,qi,7907,3500字以后,qiif,启辰,65140,5万词以后,
翈,xia,7918,3500字以后,xxho,瞎火,52216,5万词以后,
翈,xia,7918,3500字以后,xxho,下火,65899,5万词以后,
翈,xia,7918,3500字以后,xxho,下货,78288,5万词以后,
翷,lin,7919,3500字以后,lbzo,邻座,36403,前5万词,
耔,zi,7923,3500字以后,zile,自乐,36330,前5万词,
耙,ba,7924,3500字以后,balk,霸凌,33333,前5万词,
肸,xi,7928,3500字以后,xizc,洗澡,4531,前1万词,
苉,pi,7965,3500字以后,pige,皮革,17419,前3万词,
苣,qu,7968,3500字以后,qugr,去官,59612,5万词以后,
苣,qu,7968,3500字以后,qugr,取关,69153,5万词以后,
茋,di,7969,3500字以后,digr,滴管,38844,前5万词,
茋,di,7969,3500字以后,digr,滴灌,62990,5万词以后,
荖,lao,7975,3500字以后,lcgu,牢固,8854,前1万词,
荖,lao,7975,3500字以后,lcgu,老姑,34771,前5万词,
荖,lao,7975,3500字以后,lcgu,老古,76455,5万词以后,
荨,xun,7978,3500字以后,xygo,殉国,51406,5万词以后,
菝,ba,7986,3500字以后,baga,巴嘎,70292,5万词以后,
萆,bi,7989,3500字以后,bigc,比高,64463,5万词以后,
萹,bian,7993,3500字以后,bmgg,变更,2597,前1万词,
蒄,guan,8001,3500字以后,grgo,棺椁,12724,前3万词,
蒄,guan,8001,3500字以后,grgo,关过,53837,5万词以后,
蓢,lang,8009,3500字以后,lhgz,狼狗,25426,前3万词,
蓰,xi,8010,3500字以后,xigs,铣工,44274,前5万词,
蓰,xi,8010,3500字以后,xigs,西贡,54828,5万词以后,
蓰,xi,8010,3500字以后,xigs,西宫,55804,5万词以后,
蓰,xi,8010,3500字以后,xigs,西工,78345,5万词以后,
蔊,han,8013,3500字以后,hjgc,函告,56920,5万词以后,
蔚,yu,8016,3500字以后,yugo,雨果,22527,前3万词,
蔚,yu,8016,3500字以后,yugo,遇过,27109,前3万词,
蔚,yu,8016,3500字以后,yugo,雨过,63946,5万词以后,
蕰,wen,8018,3500字以后,wfge,文革,16890,前3万词,
蕰,wen,8018,3500字以后,wfge,问个,25316,前3万词,
蕰,wen,8018,3500字以后,wfge,温格,38938,前5万词,
薢,xie,8020,3500字以后,xpgv,鞋柜,22762,前3万词,
薳,wei,8021,3500字以后,wwgl,微光,12137,前3万词,
薳,wei,8021,3500字以后,wwgl,畏光,39285,前5万词,
藦,mo,8023,3500字以后,mogo,莫过,12029,前3万词,
藦,mo,8023,3500字以后,mogo,没过,63336,5万词以后,
藦,mo,8023,3500字以后,mogo,摸过,64456,5万词以后,
虷,gan,8025,3500字以后,gjmc,感冒,6377,前1万词,
虷,gan,8025,3500字以后,gjmc,甘冒,37626,前5万词,
虷,gan,8025,3500字以后,gjmc,干毛,68759,5万词以后,
虷,han,8026,3500字以后,hjmc,汗毛,17474,前3万词,
虷,han,8026,3500字以后,hjmc,寒毛,33064,前5万词,
蚆,ba,8029,3500字以后,bamk,八名,75056,5万词以后,
蛘,yang,8032,3500字以后,yhmu,仰慕,14956,前3万词,
蛘,yang,8032,3500字以后,yhmu,养母,47625,前5万词,
蛘,yang,8032,3500字以后,yhmu,杨木,59795,5万词以后,
蜎,yuan,8033,3500字以后,yrmz,元谋,83114,5万词以后,
蜐,jie,8034,3500字以后,jpmi,杰米,24118,前3万词,
蜐,jie,8034,3500字以后,jpmi,解密,40978,前5万词,
蜐,jie,8034,3500字以后,jpmi,揭秘,54345,5万词以后,
蜐,jie,8034,3500字以后,jpmi,解谜,58362,5万词以后,
蝘,yan,8035,3500字以后,yjmu,眼目,14249,前3万词,
蝘,yan,8035,3500字以后,yjmu,烟幕,52335,5万词以后,
螱,wei,8039,3500字以后,wwbm,未变,26489,前3万词,
螱,wei,8039,3500字以后,wwbm,韦编,83574,5万词以后,
蟫,yin,8041,3500字以后,ybmc,阴毛,59529,5万词以后,
蠋,zhu,8042,3500字以后,vumm,煮面,32035,前5万词,
蠋,zhu,8042,3500字以后,vumm,柱面,41114,前5万词,
袯,bo,8049,3500字以后,boda,拨打,10859,前3万词,
袯,bo,8049,3500字以后,boda,博大,13209,前3万词,
袯,bo,8049,3500字以后,boda,博达,51997,5万词以后,
裛,yi,8052,3500字以后,yilk,衣领,12085,前3万词,
裛,yi,8052,3500字以后,yilk,夷陵,23568,前3万词,
裛,yi,8052,3500字以后,yilk,役龄,44015,前5万词,
褰,qian,8057,3500字以后,qmjl,黔江,38740,前5万词,
褰,qian,8057,3500字以后,qmjl,潜江,55438,5万词以后,
襕,lan,8058,3500字以后,ljdi,蓝底,35272,前5万词,
襫,shi,8061,3500字以后,uidd,时代,465,前1万词,
襫,shi,8061,3500字以后,uidd,世代,12921,前3万词,
襫,shi,8061,3500字以后,uidd,试戴,73897,5万词以后,
襫,shi,8061,3500字以后,uidd,十代,74418,5万词以后,
襫,shi,8061,3500字以后,uidd,饰带,81347,5万词以后,
解,xie,8066,3500字以后,xpgv,鞋柜,22762,前3万词,
觭,ji,8067,3500字以后,jigo,记过,23721,前3万词,
觭,ji,8067,3500字以后,jigo,寄过,65656,5万词以后,
诐,bi,8072,3500字以后,bifg,避风,21320,前3万词,
诐,bi,8072,3500字以后,bifg,逼疯,31376,前5万词,
诐,bi,8072,3500字以后,bifg,笔锋,46229,前5万词,
跱,zhi,8089,3500字以后,viso,治所,52548,5万词以后,
踦,yi,8091,3500字以后,yiso,一所,10159,前3万词,
踦,yi,8091,3500字以后,yiso,伊索,33678,前5万词,
踶,di,8092,3500字以后,diss,递送,49066,前5万词,
辌,liang,8102,3500字以后,llcy,两寸,67456,5万词以后,
邘,yu,8107,3500字以后,yucy,渔村,49119,前5万词,
邘,yu,8107,3500字以后,yucy,预存,59297,5万词以后,
鄃,shu,8115,3500字以后,uuxy,书讯,42967,前5万词,
醵,ju,8132,3500字以后,juco,举措,4931,前1万词,
铛,cheng,8139,3500字以后,igse,橙色,20565,前3万词,
铛,cheng,8139,3500字以后,igse,成色,23358,前3万词,
铹,lao,8142,3500字以后,lcsi,老四,13768,前3万词,
铹,lao,8142,3500字以后,lcsi,老死,19914,前3万词,
锧,zhi,8147,3500字以后,visj,之三,20492,前3万词,
锧,zhi,8147,3500字以后,visj,纸伞,25789,前3万词,
锽,huang,8152,3500字以后,hlsr,磺酸,53448,5万词以后,
镃,zi,8153,3500字以后,zisi,自私,3793,前1万词,
镃,zi,8153,3500字以后,zisi,子嗣,22094,前3万词,
镃,zi,8153,3500字以后,zisi,恣肆,56243,5万词以后,
镋,tang,8154,3500字以后,thse,搪塞,23512,前3万词,
霨,wei,8167,3500字以后,wwlo,未落,64006,5万词以后,
鞧,qiu,8172,3500字以后,qqrc,求饶,12231,前3万词,
鞮,di,8174,3500字以后,dirs,第戎,71764,5万词以后,
颈,geng,8177,3500字以后,ggmj,更慢,67618,5万词以后,
颋,ting,8178,3500字以后,tkmj,挺慢,71362,5万词以后,
馉,gu,8186,3500字以后,guqr,股权,5641,前1万词,
馉,gu,8186,3500字以后,guqr,顾全,34865,前5万词,
馝,bi,8189,3500字以后,binv,婢女,18359,前3万词,
骃,yin,8197,3500字以后,ybvy,音准,60911,5万词以后,
骣,chan,8199,3500字以后,ijve,缠着,8807,前1万词,
骣,chan,8199,3500字以后,ijve,搀着,30971,前5万词,
鳒,jian,8222,3500字以后,jmse,艰涩,40616,前5万词,
鳚,wei,8223,3500字以后,wwso,萎缩,11476,前3万词,
鳚,wei,8223,3500字以后,wwso,猥琐,11826,前3万词,
鳚,wei,8223,3500字以后,wwso,畏缩,22420,前3万词,
鳚,wei,8223,3500字以后,wwso,微缩,28414,前3万词,
鳚,wei,8223,3500字以后,wwso,委琐,58039,5万词以后,
鸤,shi,8225,3500字以后,uibj,石板,6752,前1万词,
鸤,shi,8225,3500字以后,uibj,试办,41589,前5万词,
鸤,shi,8225,3500字以后,uibj,饰板,42056,前5万词,
鸤,shi,8225,3500字以后,uibj,尸斑,43552,前5万词,
鸤,shi,8225,3500字以后,uibj,石斑,43565,前5万词,
鹖,he,8229,3500字以后,hebj,合办,49625,前5万词,
鹘,gu,8230,3500字以后,gurj,固然,5572,前1万词,
鹝,yi,8232,3500字以后,yipj,一盘,9429,前1万词,
鹱,hu,8237,3500字以后,hujq,呼救,19463,前3万词,
麀,you,8239,3500字以后,yzqu,有趣,2315,前1万词,
麀,you,8239,3500字以后,yzqu,又去,8002,前1万词,
麀,you,8239,3500字以后,yzqu,邮去,39820,前5万词,
麀,you,8239,3500字以后,yzqu,幽趣,43864,前5万词,
麀,you,8239,3500字以后,yzqu,游去,74782,5万词以后,
鼱,jing,8247,3500字以后,jkdz,京豆,67063,5万词以后,
龀,chen,8250,3500字以后,ifsu,尘俗,39305,前5万词,
龀,chen,8250,3500字以后,ifsu,陈诉,55045,5万词以后,
𦭜,zhi,8278,3500字以后,vigl,之光,8135,前1万词,
𦭜,zhi,8278,3500字以后,vigl,凪光,24126,前3万词,
𦭜,zhi,8278,3500字以后,vigl,之广,65508,5万词以后,
𧿹,mu,8281,3500字以后,musi,姆斯,13898,前3万词,
𧿹,mu,8281,3500字以后,musi,慕斯,58569,5万词以后,
𪾢,xian,8300,3500字以后,xmbj,县办,38451,前5万词,
𫄷,yi,8303,3500字以后,yiiv,一锤,76944,5万词以后,
𫌀,ji,8306,3500字以后,jidj,忌惮,3972,前1万词,
𫌀,ji,8306,3500字以后,jidj,鸡蛋,4737,前1万词,
𫖮,yi,8322,3500字以后,yihj,遗憾,1335,前1万词,
𫖮,yi,8322,3500字以后,yihj,一喊,65792,5万词以后,
𫘨,ti,8331,3500字以后,tivs,体重,5417,前1万词,
𫠊,xuan,8344,3500字以后,xrvi,宣纸,24366,前3万词,
𫠊,xuan,8344,3500字以后,xrvi,悬置,39593,前5万词,
𫠊,xuan,8344,3500字以后,xrvi,轩轾,41791,前5万词,
𫠊,xuan,8344,3500字以后,xrvi,选址,44622,前5万词,
𬀪,xian,8359,3500字以后,xmbj,县办,38451,前5万词,
𬃊,zhi,8361,3500字以后,viwj,只玩,73277,5万词以后,
𬍛,li,8369,3500字以后,liry,利润,3210,前1万词,
𬘡,yin,8378,3500字以后,ybiy,阴唇,59943,5万词以后,
𬘫,huan,8380,3500字以后,hrie,换车,49840,前5万词,
𬘬,qian,8381,3500字以后,qmiz,前仇,40011,前5万词,
𬘬,qian,8381,3500字以后,qmiz,欠抽,69505,5万词以后,
𬜯,liang,8388,3500字以后,llgl,亮光,10701,前3万词,
𬜯,liang,8388,3500字以后,llgl,两广,54187,5万词以后,
𬟁,yi,8390,3500字以后,yigj,乙肝,48117,前5万词,
𬟁,yi,8390,3500字以后,yigj,易感,64936,5万词以后,
𬬩,yi,8403,3500字以后,yise,一色,14584,前3万词,
𬬩,yi,8403,3500字以后,yise,异色,65237,5万词以后,
𬭁,mu,8411,3500字以后,musi,姆斯,13898,前3万词,
𬭁,mu,8411,3500字以后,musi,慕斯,58569,5万词以后,
𬭚,chun,8414,3500字以后,iyse,春色,14709,前3万词,
𬭚,chun,8414,3500字以后,iyse,纯色,52475,5万词以后,
𬭚,chun,8414,3500字以后,iyse,唇色,68059,5万词以后,
𬱟,wei,8429,3500字以后,wwgj,未敢,27329,前3万词,
𬱟,wei,8429,3500字以后,wwgj,桅杆,29269,前3万词,
𬱟,wei,8429,3500字以后,wwgj,味甘,75016,5万词以后,
𬱟,wei,8429,3500字以后,wwgj,未干,78196,5万词以后,
𬳽,shen,8432,3500字以后,ufve,身着,7732,前1万词,
𬶍,tuo,8438,3500字以后,tosu,脱俗,18716,前3万词,
𬶨,ji,8443,3500字以后,jiss,寄送,29208,前3万词,
𬷕,bu,8446,3500字以后,buwj,不完,3235,前1万词,
𬷕,bu,8446,3500字以后,buwj,不玩,63776,5万词以后,
𬸘,yan,8447,3500字以后,yjrj,嫣然,3025,前1万词,
𬸘,yan,8447,3500字以后,yjrj,俨然,12380,前3万词,
𬸪,fan,8451,3500字以后,fjij,反铲,81763,5万词以后,
𬺈,yi,8453,3500字以后,yiso,一所,10159,前3万词,
𬺈,yi,8453,3500字以后,yiso,伊索,33678,前5万词,
