序,字,盒子字频(每百万),简码,码长类型,其他简码,全码,同全码的其他字,备注
1,的,40954.0,d,一简,did,deda、dida,,
2,一,15769.8,yi,二简,,yipp',乂、燚,全码yipp第3选
3,是,13520.0,u,一简,,uibs,昰,
4,不,11568.3,b,一简,,bupp,,
5,了,11002.8,l,一简,lne,leee、lnee,,
6,在,10385.9,z,一简,,zdcm,,
7,人,9656.1,r,一简,,rfxx,,
8,有,9211.6,y,一简,,yzcz,,
9,我,8736.2,w,一简,,wofe,,
10,他,8248.8,t,一简,,takf,,
11,这,8022.8,v,一简,,veel,,
12,个,6200.9,g,一简,,gexn,,
13,们,6047.2,mf,二简,,mfkr,,
14,中,5709.6,vs,二简,,vstn,,
15,来,5580.0,ld,二简,,ldll,,
16,上,5528.9,uh,二简,,uhvp,,
17,大,5448.7,da,二简,ddy,dayy、ddyy,,
18,为,5371.0,ww,二简,,wwii,,
19,和,5223.3,h,一简,hon、hun,hent、hont、hunt,秮、秳,
20,国,5093.5,goj,三简,,gojr,囯,
21,地,5010.8,di,二简,dem,demf、dimf,,
22,到,4988.5,dc,二简,,dcfg,,
23,以,4707.2,yir,三简,,yirr,,
24,说,4522.9,uo,二简,uvf,uofe、uvfe,説,
25,时,4308.7,uib,三简,,uibo,時,
26,要,4192.3,yc,二简,,yccu,,
27,就,3986.0,j,一简,,jqen,,
28,出,3904.1,iu,二简,,iurh,,
29,会,3798.8,hv,二简,kkx,hvxh、kkxh,,
30,可,3737.9,ke,二简,,keoo,,
31,也,3671.5,ye,二简,,yeff,,
32,你,3645.4,n,一简,,niky,伱,
33,对,3637.2,dv,二简,,dvqo,,
34,生,3525.6,ugm,三简,,ugmm,,
35,能,3439.4,ng,二简,,nghu,,
36,而,3356.1,e,一简,,erll,,
37,子,3311.6,zie,三简,,ziee;,孖,全码ziee第2选
38,那,3300.7,na,二简,,naby,,
39,得,3260.2,de,二简,dw,deko、dwko,,
40,于,3259.3,yuc,三简,,yucc,,
41,着,3237.6,ve,二简,vcn、von,vcnb、venb、vonb,,
42,下,3211.0,xx,二简,,xxpv,,
43,自,3161.9,zi,二简,,zidd,,
44,之,3148.1,vib,三简,,vibb,,
45,年,3111.3,nm,二简,,nmkn,,
46,过,3049.4,go,二简,,gool,,
47,发,2961.5,f,一简,,faba,,
48,后,2950.4,hz,二简,,hzft,,
49,作,2805.8,zok,三简,,zokk,,
50,里,2780.0,li,二简,,lihh,,
51,用,2768.0,ys,二简,,yszz,,
52,道,2764.0,dcl,三简,,dcll,,
53,行,2749.2,hh,二简,xk,hgkk、hhkk、xkkk,,
54,所,2703.6,s,一简,,sobh,,
55,然,2641.6,rj,二简,,rjfp,,
56,家,2635.2,jxj,三简,,jxjo,,
57,种,2601.9,vsn,三简,,isnn、vsnn,,
58,事,2580.3,ui,二简,,uipe,,
59,成,2579.5,ig,二简,,igeb,,
60,方,2547.2,fhl,三简,,fhll,,
61,多,2490.0,do,二简,,doff,,
62,经,2488.1,jk,二简,,jkim,坕,
63,么,2470.7,me,二简,,mefh,,
64,去,2461.9,qu,二简,,qumh,鼁,
65,法,2413.1,fa,二简,,faah,,
66,学,2399.9,xt,二简,,xtje,,
67,如,2321.2,ru,二简,,ruut,,
68,都,2272.2,dz,二简,dul,duly、dzly,,
69,同,2262.1,ts,二简,,tsrt,,
70,现,2243.2,xmr,三简,,xmrj;,鹇,全码xmrj第2选
71,当,2219.0,dh,二简,,dhye,,
72,没,2213.2,m,一简,moa,moah、mwah,,
73,动,2206.4,ds,二简,,dspi,,
74,面,2197.8,mm,二简,,mmll,,
75,起,2196.6,q,一简,,qisk,,
76,看,2194.9,k,一简,,kjnb,,
77,定,2184.2,dk,二简,,dkjs,,
78,天,2170.5,tm,二简,,tmyy,,
79,分,2167.9,ff,二简,,fflg,弅,
80,还,2149.6,hd,二简,hrp,hdpl、hrpl;,鬟,全码hrpl第2选
81,进,2130.6,jb,二简,,jbgl,,
82,好,2129.0,hc,二简,,hcue,,
83,小,2124.5,x,一简,,xnyy,,
84,部,2083.5,bu,二简,,bujy,,
85,其,2083.3,qi,二简,,qirl;,琪,全码qirl第2选
86,些,2070.4,xp,二简,,xpsp,,
87,主,2066.1,vu,二简,,vuem,,
88,样,2058.1,yh,二简,,yhwu,,
89,理,2057.8,lir,三简,,lirh,,
90,心,2027.5,xb,二简,,xbvv,忄,
91,她,2008.8,ta,二简,,tauf,,
92,本,2006.3,bf,二简,,bfwp,,
93,前,1971.7,qm,二简,,qmlg,,
94,开,1948.9,kd,二简,,kdpg,,
95,但,1935.7,dj,二简,,djkp,,
96,因,1920.9,yb,二简,,ybjy,,
97,只,1912.9,vit,三简,,vitl,,
98,从,1912.4,cs,二简,,csxx,,
99,想,1906.5,xl,二简,,xlwv,,
100,实,1904.8,uij,三简,,uijy,,
101,日,1880.4,ri,二简,,ribb,,
102,军,1874.0,jy,二简,,jyjc,,
103,者,1866.0,vel,三简,,velb,乽,
104,意,1862.1,yid,三简,,yidv,,
105,无,1857.1,wu,二简,,moyy、wuyy,尛,
106,力,1856.5,lii,三简,,liii,,
107,它,1789.4,taj,三简,,taju,,
108,与,1786.1,yu,二简,,yupp,魊,
109,长,1768.6,vh,二简,ihd,ihdd、vhdd,,
110,把,1761.3,bao,三简,,baok,豝,
111,机,1756.6,jiw,三简,,jiwr,,
112,十,1752.1,uic,三简,,uicc,兙,
113,民,1735.8,mb,二简,,mbkk,,
114,第,1684.0,dih,三简,,dihe,,
115,公,1647.0,gsl,三简,,gslh,,
116,此,1646.6,ci,二简,,cisu;,跐,全码cisu第2选
117,已,1644.5,yik,三简,,yikk,,
118,工,1641.4,gsm,三简,,gsmm,,
119,使,1634.9,uik,三简,,uikp,,
120,情,1617.4,qkv,三简,,qkvz,,
121,明,1601.8,mk,二简,,mkbz,眀,
122,性,1601.6,xkv,三简,,xkvm;,惺,全码xkvm第2选
123,知,1583.8,vi,二简,,viht,,
124,全,1577.9,qr,二简,,qrxr,硂,
125,三,1572.8,sj,二简,,sjpp,,
126,又,1565.9,yz,二简,,yzqq,,
127,关,1563.5,gr,二简,,grly,,
128,点,1554.9,dm,二简,,dmvp,,
129,正,1534.3,vg,二简,,vgss;,钲,全码vgss第2选
130,业,1531.0,yen,三简,,yenn,,
131,外,1528.3,wd,二简,,wdfv,,
132,将,1527.9,jl,二简,,jleo,,
133,两,1522.9,ll,二简,,llll,,
134,高,1517.4,gc,二简,,gcet,髙,
135,间,1510.6,jmr,三简,,jmrb,間,
136,由,1510.4,yzh,三简,,yzhh,,
137,问,1490.0,wf,二简,,wfrt,,
138,很,1469.4,hf,二简,,hfks,,
139,最,1466.4,zv,二简,,zvbq,,
140,重,1462.1,isc,三简,vsc,isch;、vsch,尰、艟,全码isch第2选
141,并,1455.7,bk,二简,,bklg,,
142,物,1453.3,wuv,三简,,wuvx,,
143,手,1449.7,uz,二简,,uzoo;,扌、狩,全码uzoo第2选
144,应,1449.4,yk,二简,,ykqy,,
145,战,1441.1,vj,二简,,vjve,虥,
146,向,1431.8,xlf,三简,,xlft,,
147,头,1421.1,tz,二简,,tzay,,
148,文,1417.5,wfe,三简,,wfep,,
149,体,1415.3,ti,二简,,tikp,,
150,政,1395.1,vgs,三简,,vgsq,,
151,美,1392.9,mwn,三简,,mwny,,
152,相,1391.2,xlw,三简,,xlwb,,
153,见,1390.9,jm,二简,,jmjj、xmjj,𬸣,
154,被,1390.0,bw,二简,,bwdg,,
155,利,1389.6,lin,三简,,ling,剓,
156,什,1384.7,ufk,三简,,ufkc、uikc,,
157,二,1382.8,er,二简,,erpp,弐,
158,等,1376.5,dg,二简,,dgho,,
159,产,1370.7,ij,二简,,ijjf,,
160,或,1348.1,hoe,三简,,hoep,,
161,新,1312.6,xbj,三简,,xbjh,,
162,己,1296.9,ji,二简,,jikk,,
163,制,1296.2,viv,三简,,vivg,,
164,身,1290.9,uf,二简,,ufpp,,
165,果,1275.9,goh,三简,,gohh,,
166,加,1259.5,jx,二简,,jxit,,
167,西,1259.3,xic,三简,,xicc;,舾、覀,全码xicc第2选
168,斯,1245.3,sir,三简,,sirh,,
169,月,1243.5,yt,二简,,ytzz,,
170,话,1241.0,hx,二简,,hxft,,
171,合,1236.9,he,二简,,gext、hext,,
172,回,1236.7,hvj,三简,,hvjt,,
173,特,1235.9,te,二简,,tevo,,
174,代,1197.9,ddk,三简,,ddke,,
175,内,1195.8,nw,二简,,nwrx,內,
176,信,1190.2,xbk,三简,,xbkf,,
177,表,1172.2,bn,二简,,bnrl,,
178,化,1161.7,hxk,三简,,hxku,,
179,老,1153.0,lc,二简,,lclu,,
180,给,1125.9,gw,二简,,gwit、jiit,,
181,世,1111.3,uir,三简,,uirb,,
182,位,1111.3,wwk,三简,,wwkj,,
183,次,1110.6,cia,三简,,ciax,,
184,度,1108.2,du,二简,doq,doqq、duqq,敠,
185,门,1099.8,mfr,三简,,mfrr,,
186,任,1098.4,rfk,三简,,rfkm,,
187,常,1097.5,ih,二简,,ihjp,,
188,先,1088.8,xm,二简,,xmve,,
189,海,1081.9,hda,三简,,hdai,,
190,通,1080.6,tsh,三简,,tshl,,
191,教,1079.7,jnl,三简,,jnlq,,
192,儿,1074.3,ere,三简,,eree,,
193,原,1073.0,yrq,三简,,yrqy,厵,
194,东,1066.1,dsc,三简,,dscc,,
195,声,1065.3,ug,二简,,ugmn,,
196,提,1060.5,tio,三简,,dios、tios,,
197,立,1059.6,lij,三简,,lijj,鴗,
198,及,1047.6,jis,三简,,jiss;,𬶨,全码jiss第2选
199,比,1037.2,bi,二简,,biuu4,匕、妣、毙,全码biuu第4选
200,员,1035.0,yrt,三简,,yrtj、yytj,,
201,解,1034.3,jpg,三简,,jpgv、xpgv;,薢,全码xpgv第2选
202,水,1028.3,uv,二简,,uvpp,氺,
203,名,1026.0,mkf,三简,,mkft,詺,
204,真,1025.7,vf,二简,,vfcl,,
205,论,1019.2,ly,二简,,lyfu,,
206,处,1004.1,iuq,三简,,iuqv,,
207,走,1000.9,zz,二简,,zzss,鯐,
208,义,1000.3,yia,三简,,yiap,,
209,各,999.9,geq,三简,,geqq;,饹,全码geqq第2选
210,入,994.7,rux,三简,,ruxx,,
211,几,994.3,jir,三简,,jirr;,玑,全码jirr第2选
212,口,992.2,kz,二简,,kztt,,
213,认,991.8,rff,三简,,rffx,,
214,条,988.8,tn,二简,,tnqy,,
215,平,988.7,pk,二简,,pkpc,帲,
216,系,986.1,xi,二简,,jifi、xifi,,
217,气,985.7,qid,三简,,qidd,,
218,题,981.7,tib,三简,,tibj,鶗,
219,活,981.5,hoa,三简,,hoat,,
220,尔,981.0,erg,三简,,ergy,,
221,更,968.6,gg,二简,,ggpp,,
222,别,964.8,bp,二简,,bptg,別,
223,打,962.2,dao,三简,,daoo,,
224,女,957.3,nv,二简,,nvuu,,
225,变,956.9,bmt,三简,,bmtq,変,
226,四,955.7,sie,三简,,siee,,
227,神,954.0,ufd,三简,,ufdh,氠,
228,总,953.6,zs,二简,,zslv,,
229,何,952.9,hek,三简,,heko,,
230,电,950.3,dmh,三简,,dmhh,,
231,数,947.6,uoz,三简,uuz,uozq、uuzq,,
232,安,947.1,an,二简,,anju,,
233,少,946.1,uc,二简,,ucyf,,
234,报,942.9,bc,二简,,bcoq,,
235,才,939.4,c,一简,,cdoo,,
236,结,939.1,jpi,三简,,jpit,,
237,反,937.6,fj,二简,,fjfq,,
238,受,935.3,uzi,三简,,uziq;,绶,全码uziq第2选
239,目,934.7,mub,三简,,mubb,,
240,太,933.0,td,二简,,tdyy,,
241,量,930.5,llb,三简,,llbh,,
242,再,928.4,zd,二简,,zdpm,,
243,感,922.1,gje,三简,,gjev,,
244,建,921.6,jme,三简,,jmel,,
245,务,910.2,wuq,三简,,wuqi,,
246,做,907.6,zo,二简,,zokq,,
247,接,907.1,jp,二简,,jpou,掲,
248,必,904.4,biv,三简,,bivv,駜,
249,场,897.5,ihm,三简,,ihmx,塲,
250,件,893.7,jmk,三简,,jmkv;,牮,全码jmkv第2选
251,计,888.8,,全码,,jifc,,
252,管,882.6,grh,三简,,grhh,,
253,期,877.8,qir,三简,,jirz、qirz,,
254,市,876.3,uie,三简,,uiep,,
255,直,875.9,vic,三简,,vice,,
256,德,873.2,dek,三简,,dekv,徳,
257,资,873.0,zia,三简,,ziaj;,渍,全码ziaj第2选
258,命,870.3,mkx,三简,,mkxy,,
259,山,869.2,uj,二简,,ujhh,,
260,金,868.0,jbs,三简,,jbss,钅,
261,指,862.6,vio,三简,,viob,搘,
262,克,858.3,kec,三简,,kece,醘,
263,许,858.3,xu,二简,,xufv,,
264,统,857.2,tsi,三简,,tsie,綂,
265,区,851.8,qur,三简,,ourp、qurp,,
266,保,849.9,bck,三简,,bckw,,
267,至,845.6,vif,三简,,viff,,
268,队,842.3,dvy,三简,,dvyx,,
269,形,837.7,xkp,三简,,xkpf,,
270,社,824.6,ued,三简,,uedm,,
271,便,824.4,bmk,三简,,bmkp、pmkp,,
272,空,819.5,ks,二简,,ksjm,,
273,决,816.5,jta,三简,,jtay,,
274,治,811.1,via,三简,,viat,,
275,展,810.3,vjb,三简,,vjbs,,
276,马,805.2,mav,三简,,mavv,,
277,科,805.1,ken,三简,,kenc,,
278,司,802.4,sib,三简,,sibt,,
279,五,797.7,wur,三简,,wurr,,
280,基,793.3,,全码,,jirm,,
281,眼,786.1,yj,二简,,yjbs,,
282,书,782.4,uu,二简,,uuba,,
283,非,774.9,fw,二简,,fwee,,
284,则,770.4,ze,二简,,zejg,,
285,听,770.2,tk,二简,,tkth,,
286,白,768.8,bd,二简,,bddd,,
287,却,768.6,qt,二简,,qtmy,,
288,界,767.3,jph,三简,,jphn,岕、畍,
289,达,764.6,day,三简,,dayl,迏、迖,
290,光,763.2,gl,二简,,glye,,
291,放,763.0,fh,二简,,fhlq,,
292,强,758.1,ql,二简,,jlbm、qlbm,,
293,即,757.1,,全码,,jisy,鲫,
294,像,751.0,xlk,三简,,xlks,,
295,且,747.5,qp,二简,,qpee,,
296,难,747.5,njq,三简,,njqd,,
297,权,747.0,qrw,三简,,qrwq,,
298,思,747.0,sih,三简,,sihv,,
299,王,744.1,wh,二简,,whrr,,
300,象,741.5,xls,三简,,xlss,鱶,
301,完,739.8,wj,二简,,wjje,,
302,设,737.9,uef,三简,,uefh,,
303,式,735.5,,全码,,uiem,,
304,色,735.2,se,二简,udg,segk、udgk,,
305,路,733.1,lu,二简,,lusq,,
306,记,721.1,jif,三简,,jifk,,
307,南,718.9,nac,三简,njc,nacu、njcu,,
308,品,716.1,pb,二简,,pbtt,,
309,住,716.0,vuk,三简,,vukm,,
310,告,714.8,gcv,三简,,gcvt,吿,
311,类,714.8,lw,二简,,lwzy,,
312,求,714.5,qq,二简,,qqpa,,
313,据,713.3,ju,二简,,juot;,拘、挶,全码juot第2选
314,程,708.0,ign,三简,,ignr,,
315,北,707.9,bwe,三简,,bweu,,
316,边,704.4,bm,二简,,bmil,,
317,死,704.0,si,二简,,sifu,,
318,张,703.5,vhb,三简,,vhbd,,
319,该,703.3,gd,二简,,gdfl,,
320,交,701.6,jne,三简,,jnep,,
321,规,695.4,gvy,三简,,gvyj,,
322,万,693.8,moc,三简,wjc,mocc、wjcc,,
323,取,693.2,quf,三简,,qufq,,
324,拉,692.9,lao,三简,,laoj,翋,
325,格,692.6,gew,三简,,gewq,櫊,
326,望,688.3,whe,三简,,wher,尫,
327,觉,682.5,jnj,三简,jtj,jnjj、jtjj,,
328,术,680.4,uuw,三简,,uuwa、vuwa,,
329,领,677.1,lkq,三简,,lkqj;,鸰,全码lkqj第2选
330,共,665.9,gsg,三简,,gsgl,,
331,确,663.8,qtx,三简,,qtxz,,
332,传,662.6,irk,三简,vrk,irka、vrka,,
333,师,662.1,uin,三简,,uinp,,
334,观,660.6,grq,三简,,grqj,,
335,清,660.2,qka,三简,,qkaz,凊,
336,今,654.5,jbq,三简,,jbqq,,
337,切,653.3,qpu,三简,,qpug,,
338,院,651.9,yry,三简,,yrye,,
339,让,649.6,rh,二简,,rhfp,,
340,识,647.3,,全码,,uifl、vifl;,职、貭,全码vifl第2选
341,候,645.5,hzk,三简,,hzkh;,侯,全码hzkh第2选
342,带,644.2,ddg,三简,,ddgp,帯,
343,导,643.4,dck,三简,,dcko,衜、衟,
344,争,643.2,vgg,三简,,vgge,,
345,运,640.5,yyp,三简,,yypl,熉,
346,笑,635.3,xn,二简,,xnhy,筿,
347,飞,632.1,fwb,三简,,fwbb,,
348,风,629.6,fg,二简,,fgrp,,
349,步,626.9,bus,三简,,busf,歩,
350,改,625.6,gdk,三简,,gdkq,,
351,收,624.9,uzb,三简,,uzbq,,
352,根,624.3,gfw,三简,,gfws,,
353,干,623.2,gjc,三简,,gjcc;,幹、酐,全码gjcc第2选
354,造,622.9,zcv,三简,,zcvl;,慥,全码zcvl第2选
355,言,621.9,yjf,三简,,yjff;,讠、谚,全码yjff第2选
356,联,621.9,lmf,三简,,lmfy;,殓、聫,全码lmfy第2选
357,持,620.3,ii,二简,,iioo,,
358,组,618.9,zu,二简,,zuie,,
359,每,618.2,mw,二简,,mwki,毎,
360,济,616.0,jia,三简,,jian,,
361,车,614.2,ie,二简,juc,iecc、jucc,,
362,亲,612.3,qbj,三简,qkj,qbjy、qkjy,,
363,极,608.6,,全码,,jiws,,
364,林,608.3,lb,二简,,lbww,,
365,服,604.6,fuz,三简,,fuzq;,腹,全码fuzq第2选
366,快,604.4,kk,二简,,kkvy,,
367,办,604.3,bji,三简,,bjii,,
368,议,603.8,yif,三简,,yifp;,殔、殪,全码yifp第2选
369,往,602.4,whk,三简,,whkm,徃、徍,
370,元,602.2,yrp,三简,,yrpe,,
371,英,600.6,ykg,三简,,ykgy,,
372,士,598.1,uim,三简,,uimm;,螫,全码uimm第2选
373,证,597.6,vgf,三简,,vgfs,聇,
374,近,596.7,jbh,三简,,jbhl,,
375,失,596.2,uih,三简,,uihh;,矢,全码uihh第2选
376,转,594.9,vr,二简,,vrca,,
377,夫,593.3,fuy,三简,,fuyy,邞、阝,
378,令,592.2,lk,二简,,lkqq,,
379,准,588.7,vya,三简,,vyad,,
380,布,587.5,buc,三简,,bucp,,
381,始,584.1,uiu,三简,,uiut,,
382,怎,580.5,zf,二简,,zfkv,,
383,呢,579.9,ne,二简,nit,netu、nitu,,
384,存,573.6,cyc,三简,,cyce,,
385,未,571.2,wwl,三简,,wwll,,
386,远,571.0,yr,二简,,yrpl,,
387,叫,569.3,jn,二简,,jntn,,
388,台,565.3,tdh,三简,,tdht,箈,
389,单,565.3,djq,三简,ujq,djqq;、ijqq、ujqq,瘅,全码djqq第2选
390,影,562.7,ykb,三简,,ykbf,譻,
391,具,562.5,jue,三简,,juel,,
392,罗,560.2,loe,三简,,loef,,
393,字,559.4,zij,三简,,zije,,
394,爱,559.1,ai,二简,,aiiq,,
395,击,555.8,jip,三简,,jiph,,
396,流,555.2,lq,二简,,lqan,,
397,备,553.7,bwq,三简,,bwqh,,
398,兵,553.0,bkd,三简,,bkdl,,
399,连,552.1,lm,二简,,lmcl,,
400,调,549.9,dnf,三简,tnf,dnft、tnft,,
401,深,547.5,ufa,三简,,ufaw,,
402,商,544.9,uhe,三简,,uhet,,
403,算,544.3,sr,二简,,srhg,筭,
404,质,540.5,,全码,,vifj,,
405,团,538.4,tr,二简,,trjo,団,
406,集,537.7,jid,三简,,jidw,雧,
407,百,537.3,bdp,三简,,bdpd,,
408,需,536.7,xul,三简,,xull,,
409,价,535.7,,全码,,jpkn、jxkn,,
410,花,534.3,hxg,三简,,hxgu,芲,
411,党,533.3,dhj,三简,,dhje,,
412,华,533.2,,全码,,hxkc,,
413,城,531.6,igm,三简,,igmb,,
414,石,528.0,djx,三简,uix,djxx、uixx,,
415,级,527.4,jii,三简,,jiis,,
416,整,521.6,vgi,三简,,vgis,,
417,府,520.9,fuq,三简,,fuqf,,
418,离,520.8,lie,三简,,lieq,,
419,况,520.4,kla,三简,,klae,,
420,亚,518.2,yan,三简,,yann,,
421,请,518.1,qk,二简,,qkfz,,
422,技,515.8,jio,三简,,jioq,,
423,际,513.9,jiy,三简,,jiyt,,
424,约,512.5,yti,三简,,ycia、ytia,,
425,示,511.6,uit,三简,,uitt,呞、呩,
426,复,510.8,fu,二简,,fukq,,
427,病,510.2,bkq,三简,,bkqx,,
428,息,508.9,xid,三简,,xidv,忥,
429,究,508.5,jqj,三简,,jqjh,,
430,线,507.9,xmi,三简,,xmie,,
431,似,506.9,sik,三简,,sikr、uikr,,
432,官,506.1,grj,三简,,grjh,,
433,火,505.3,ho,二简,,hopp,,
434,断,502.6,dr,二简,,drzh,腶,
435,精,502.1,jkz,三简,,jkzz;,腈,全码jkzz第2选
436,满,501.2,mj,二简,,mjal,澷,
437,支,500.5,viq,三简,,viqq,夂,
438,视,497.9,uid,三简,,uidj,,
439,消,497.6,xna,三简,,xnaz;,淆,全码xnaz第2选
440,越,494.5,yts,三简,,ytse;,钺,全码ytse第2选
441,器,493.4,qit,三简,,qitt,噐,
442,容,493.2,rs,二简,,rsjt,,
443,照,491.2,vcb,三简,,vcbp,,
444,须,490.6,xuf,三简,,xufj,,
445,九,488.9,jqh,三简,,jqhh,,
446,增,485.2,zg,二简,,zgmb,増,
447,研,484.7,yjx,三简,,yjxg;,弇,全码yjxg第2选
448,写,484.4,xpj,三简,,xpjp,寫,
449,称,484.0,ifn,三简,,ifny、igny,,
450,企,483.1,qix,三简,,qixs,,
451,八,479.2,,全码,,ball,,
452,功,475.8,gs,二简,,gsmi,,
453,吗,473.7,ma,二简,,matv;,骂,全码matv第2选
454,包,471.6,bcr,三简,,bcrk,骲,
455,片,468.1,pm,二简,,pmee,覑,
456,史,467.7,,全码,,uitp,,
457,委,466.6,wwn,三简,,wwnu,,
458,乎,465.9,huf,三简,,hufn,謼,
459,查,465.4,iaw,三简,,iawp、vawp',栅、楂,全码vawp第3选
460,轻,464.5,qkc,三简,,qkcm,,
461,易,463.8,yib,三简,,yibx,晹、欥,
462,早,463.3,zc,二简,,zcbc,,
463,曾,461.8,cg,二简,zgl,cglb、zglb,曽,
464,除,461.5,iuy,三简,,iuyl,,
465,农,457.0,nsj,三简,,nsjl,,
466,找,456.2,vc,二简,,vcoe,,
467,装,455.6,vl,二简,,vlel,裝,
468,广,454.4,glq,三简,,glqq,,
469,显,454.0,xmb,三简,,xmbn,,
470,吧,452.5,ba,二简,,batk,,
471,阿,450.5,aa,二简,eey,aayo、eeyo,,
472,李,447.6,liw,三简,,liwe,,
473,标,446.2,bnw,三简,,bnwt,,
474,谈,445.0,tj,二简,,tjfp,,
475,吃,444.4,i,一简,,iitb,,
476,图,444.3,tu,二简,,tuja,,
477,念,444.3,nmq,三简,,nmqv,,
478,六,443.7,lqe,三简,,lqel,,
479,引,443.2,ybb,三简,,ybbn,,
480,历,441.9,liq,三简,,liqi;,疬,全码liqi第2选
481,首,439.6,uzl,三简,,uzld,,
482,医,437.4,,全码,,yirh,殹,
483,局,437.2,jub,三简,,jubt;,居,全码jubt第2选
484,突,436.7,tuj,三简,,tujy,宊,
485,专,436.1,vrp,三简,,vrpa,,
486,费,436.1,fwh,三简,,fwhj,,
487,号,435.9,hct,三简,,hctb,,
488,尽,435.6,jbb,三简,,jbba,,
489,另,432.7,lkt,三简,,lkti,,
490,周,430.9,vz,二简,,vzrt,,
491,较,428.4,jnc,三简,,jncp;,醮,全码jncp第2选
492,注,428.4,vua,三简,,vuam,灟,
493,语,428.0,yuf,三简,,yuft,,
494,仅,427.6,jbk,三简,,jbkq,,
495,考,427.4,kcl,三简,,kclb,,
496,落,427.2,lo,二简,lag,lagq、lcgq、logq,,
497,青,427.1,qkr,三简,,qkrz,,
498,随,427.0,sv,二简,,svyl,隧,
499,选,426.4,xr,二简,,xrvl,懁,
500,列,426.0,lp,二简,,lpfg,,
501,武,423.2,wup,三简,,wups,,
502,红,423.1,hs,二简,,hsim,,
503,响,422.3,xlt,三简,,xltt,,
504,虽,419.2,svt,三简,,svtm,,
505,推,418.4,tv,二简,,tvod,,
506,势,417.2,uio,三简,,uioi,,
507,参,417.0,cfh,三简,cjh,cfhf、cjhf、ufhf,嵾、篸,
508,希,415.9,xip,三简,,xipp;,烯,全码xipp第2选
509,古,415.9,gu,二简,,guct',轱、酤,全码guct第3选
510,众,415.6,vsx,三简,,vsxx,,
511,构,415.4,gzw,三简,,gzwh,,
512,房,415.2,fhb,三简,,fhbl;,昉、眆,全码fhbl第2选
513,半,414.5,bjl,三简,,bjlr,,
514,节,413.9,,全码,,jpgy,莭,
515,土,412.5,tum,三简,,tumm,,
516,投,412.0,tzo,三简,,tzoh,,
517,某,410.9,mz,二简,,mzrw,,
518,案,410.4,anj,三简,,anjw,,
519,黑,407.8,hw,二简,,hwdd,,
520,维,407.7,wwi,三简,,wwid,,
521,革,406.7,ger,三简,,gerr,,
522,划,406.5,hxe,三简,,hxeg,,
523,敌,406.4,dic,三简,,dicq,,
524,致,404.4,,全码,,vifq,,
525,陈,402.8,if,二简,,ifyc,,
526,律,402.3,lvk,三简,,lvke,,
527,足,400.0,zus,三简,,zuss,,
528,态,399.2,tdy,三简,,tdyv,,
529,护,398.0,huo,三简,,huob,,
530,七,396.8,qiu,三简,,qiuu,,
531,兴,396.8,xky,三简,,xkyl,,
532,派,396.7,pda,三简,,pdar;,湃,全码pdar第2选
533,孩,396.1,hde,三简,,hdel,,
534,验,395.7,yjv,三简,,yjvy;,恹,全码yjvy第2选
535,责,394.8,zer,三简,,zerj,,
536,营,394.8,,全码,,ykgt,,
537,星,394.5,xkb,三简,,xkbm,曐,
538,够,393.8,gz,二简,,gzrf,,
539,章,393.4,vhd,三简,,vhdc,,
540,音,393.1,ybd,三简,,ybdd,,
541,跟,392.6,gf,二简,,gfss,艮,
542,志,392.4,vim,三简,,vimv,騺、驇,
543,底,391.5,diq,三简,,diqr,,
544,站,389.8,vjj,三简,,vjjt,,
545,严,389.1,yjn,三简,,yjnf,,
546,巴,387.3,bak,三简,,bakk,,
547,例,385.5,lik,三简,,likg;,俐,全码likg第2选
548,防,384.9,fhy,三简,,fhyl,,
549,族,383.4,zul,三简,,zulh,,
550,供,383.4,gsk,三简,,gskl,,
551,效,382.6,xne,三简,,xneq,,
552,续,382.1,xui,三简,,xuiy,,
553,施,381.8,uil,三简,,uilf,,
554,留,378.8,lqf,三简,,lqfh,,
555,讲,378.5,jlf,三简,,jlfg,,
556,型,378.5,,全码,,xkpm,煋,
557,料,376.2,lnz,三简,,lnzc,,
558,终,374.9,vsi,三简,,vsia,,
559,答,374.4,dah,三简,,daht,,
560,紧,373.7,jbn,三简,,jbni,,
561,黄,373.2,hl,二简,,hlgl,,
562,绝,372.6,jti,三简,,jtik,,
563,奇,371.8,qiy,三简,,jiyo、qiyo,,
564,察,371.6,iaj,三简,,iajt,,
565,母,369.4,mui,三简,,muii,,
566,京,368.3,jke,三简,,jkey,亰,
567,段,367.9,drf,三简,,drfh,,
568,依,365.1,,全码,,yikl,伿、偯、迤,
569,批,364.8,pi,二简,,piou;,豼、貔,全码piou第2选
570,群,364.2,qy,二简,,qyeu,,
571,项,364.2,xlm,三简,,xlmj,,
572,故,362.2,guc,三简,,gucq;,嘏,全码gucq第2选
573,按,361.8,ano,三简,,anou,,
574,河,360.2,hea,三简,,heao,渮,
575,米,360.1,mi,二简,,mizz;,脒,全码mizz第2选
576,围,360.0,wwj,三简,,wwjx,,
577,江,359.8,jla,三简,,jlam,,
578,织,359.2,vii,三简,,viil,,
579,害,359.1,hdj,三简,,hdjt,,
580,斗,359.0,dza,三简,,dzac,,
581,双,359.0,ul,二简,,ulqq,,
582,境,358.5,jkm,三简,,jkme,,
583,客,357.2,kej,三简,,kejq,,
584,纪,356.9,,全码,,jiik,紀,
585,采,356.4,,全码,,cdii,,
586,举,356.3,juy,三简,,juyr,,
587,杀,355.5,ua,二简,,uapy,,
588,攻,355.4,,全码,,gsmq,,
589,父,354.5,ful,三简,,fulp,,
590,苏,354.0,su,二简,,sugi,觫,
591,密,354.0,mij,三简,,mijh,宻,
592,低,353.7,dik,三简,,dikr,彽,
593,朝,353.5,icc,三简,vcc,iccz、vccz,,
594,友,352.5,yzc,三简,,yzcq,,
595,诉,352.3,suf,三简,,sufh,,
596,止,351.9,vis,三简,,viss;,趾,全码viss第2选
597,愿,351.1,,全码,,yrqv,,
598,细,351.1,xii,三简,,xiih,,
599,千,350.7,qmc,三简,,qmcc,兛,
600,值,350.1,vik,三简,,vike,徝,
601,仍,348.9,rg,二简,,rgks,,
602,男,348.4,nj,二简,,njhi,,
603,钱,347.9,qms,三简,,qmse,,
604,破,347.7,po,二简,,poxg,,
605,网,346.9,whr,三简,,whrp,,
606,热,346.6,re,二简,,reop,,
607,助,345.6,vue,三简,,vuei,,
608,倒,344.4,,全码,,dckg,,
609,育,344.0,yue,三简,,yuez,,
610,属,343.1,uub,三简,,uubq,,
611,坐,342.7,zox,三简,,zoxm,,
612,帝,341.3,dij,三简,,dijp,,
613,限,341.3,,全码,,xmys,,
614,船,340.6,irc,三简,,irct,,
615,脸,339.8,lmz,三简,,lmzy,,
616,职,337.4,,全码,,vifl,识、貭,
617,速,336.5,sui,三简,,suil,遬,
618,刻,336.1,kel,三简,,kelg,,
619,乐,335.8,le,二简,yty,leyy、ytyy,,
620,否,334.8,fzp,三简,,fzpt、pipt,,
621,刚,334.0,gh,二简,,ghrg,,
622,威,333.7,wwe,三简,,wweu,,
623,毛,333.5,mc,二简,,mcgg;,芼,全码mcgg第2选
624,状,333.4,vle,三简,,vley;,奘,全码vley第2选
625,率,333.2,lve,三简,uke,lvec、ukec,,
626,甚,333.1,ufr,三简,,ufrb,,
627,独,331.9,duo,三简,,duom,,
628,球,330.4,qqr,三简,,qqra,,
629,般,329.5,bj,二简,,bjch,,
630,普,328.6,pul,三简,,pulb,,
631,怕,328.3,pa,二简,,pavd,,
632,弹,327.8,djb,三简,tjb,djbq、tjbq,饏,
633,校,326.7,xnw,三简,,jnwp、xnwp,櫵,
634,苦,326.7,kug,三简,,kugt,,
635,创,326.5,ilx,三简,,ilxg,,
636,假,324.1,jxk,三简,,jxkq,徦,
637,久,323.5,jq,二简,,jqqq,疚,
638,错,322.6,co,二简,,cosb,,
639,承,322.0,ige,三简,,igep,,
640,印,321.4,ybi,三简,,ybii,,
641,晚,321.2,wjb,三简,,wjbs,,
642,兰,320.2,ljl,三简,,ljlp,,
643,试,320.0,uif,三简,,uifm,,
644,股,319.8,guz,三简,,guzh,,
645,拿,319.4,nax,三简,,naxo,,
646,脑,318.7,nc,二简,,nczr,脳,
647,预,318.1,yuz,三简,,yuzj;,鹬,全码yuzj第2选
648,谁,318.1,uw,二简,,uvfd、uwfd,誰,
649,益,314.8,,全码,,yile,,
650,阳,314.6,yhy,三简,,yhyb,,
651,若,314.0,ro,二简,,rogt,,
652,哪,313.8,nat,三简,net,naty、nety,,
653,微,312.7,,全码,,wwkq,,
654,尼,312.6,nib,三简,,nibu;,昵、眤,全码nibu第2选
655,继,312.4,,全码,,jiib,継,
656,送,311.1,ss,二简,,ssll,,
657,急,310.9,jig,三简,,jigv,,
658,血,309.9,xpe,三简,xte,xpee、xtee,斈,
659,惊,308.7,jkv,三简,,jkvy;,憬,全码jkvy第2选
660,伤,308.3,uhk,三简,,uhki,,
661,素,305.5,sur,三简,,suri,,
662,药,305.4,ycg,三简,,ycga,,
663,适,304.6,,全码,,uicl,辻、酾,
664,波,304.3,bo,二简,,boag,,
665,夜,304.2,yee,三简,,yeef,,
666,省,303.1,ugy,三简,,ugyb、xkyb,陹,
667,初,302.8,iud,三简,,iudg,,
668,喜,302.1,xim,三简,,ximt,囍、蟢,
669,卫,301.9,wwy,三简,,wwyp;,隗,全码wwyp第2选
670,源,300.6,yra,三简,,yray,,
671,食,300.4,uiq,三简,,uiqq,饣,
672,险,300.1,xmy,三简,,xmyy,,
673,待,298.6,dd,二简,,ddko,,
674,述,298.5,,全码,,uuwl,,
675,陆,296.9,lqy,三简,luy,lqyh、luyh,,
676,习,296.3,xio,三简,,xioo,,
677,置,296.0,vie,三简,,viee,,
678,居,291.1,,全码,,jubt,局,
679,劳,290.1,lcg,三简,,lcgi,,
680,财,289.7,cdj,三简,,cdjo,,
681,环,289.3,hrr,三简,,hrrp,,
682,排,289.2,pd,二简,,pdoe,,
683,福,288.8,fud,三简,,fudh;,氟、褔,全码fudh第2选
684,纳,287.4,nai,三简,,naix,,
685,欢,285.8,hrq,三简,,hrqx,,
686,雷,285.5,lwl,三简,,lwlh,,
687,警,285.3,jkg,三简,,jkgf,,
688,获,284.6,hog,三简,,hogy,,
689,模,283.7,mow,三简,muw,mowf、muwf,,
690,充,283.3,ise,三简,,isee,,
691,负,282.3,fug,三简,,fugj,,
692,云,281.8,yy,二简,,yyph,,
693,停,281.5,tkk,三简,,tkko,,
694,木,281.4,mu,二简,,muww,,
695,游,280.5,,全码,,yzae,,
696,龙,280.0,ls,二简,,lsnn,,
697,树,279.3,,全码,,uuwo,,
698,疑,279.0,yiu,三简,,yius,,
699,层,277.6,cgb,三简,,cgbh,,
700,冷,276.3,lg,二简,,lgaq,,
701,洲,276.2,vza,三简,,vzan,,
702,冲,275.9,is,二简,,isan,沖、浺,
703,射,274.9,ue,二简,,uepo,,
704,略,274.3,lt,二简,,lthq,,
705,竟,274.1,jkd,三简,,jkde,竸,
706,范,274.1,fjg,三简,,fjgk,,
707,句,273.4,jur,三简,,gzrt、jurt;,玽、琚,全码jurt第2选
708,室,273.2,,全码,,uijf,,
709,异,272.6,,全码,,yikg,,
710,激,272.5,,全码,,jiaq,,
711,汉,272.2,hj,二简,,hjaq,,
712,村,271.9,cy,二简,,cywo,,
713,哈,271.3,ha,二简,,hatt,,
714,策,270.8,ceh,三简,,cehi,,
715,演,270.8,yja,三简,,yjal,,
716,简,270.2,jmh,三简,,jmhb,,
717,卡,270.1,ka,二简,qxv,kavv、qxvv,,
718,罪,269.2,zve,三简,,zvee,,
719,判,269.0,pj,二简,,pjlg,,
720,担,267.7,djo,三简,,djop,狚,
721,州,266.4,vzn,三简,,vznn,,
722,静,265.7,jkr,三简,,jkre,靚、靜,
723,退,265.0,tvs,三简,,tvsl,蹆、蹪,
724,既,264.7,,全码,,jise,鯚,
725,衣,264.3,yil,三简,,yill,,
726,您,264.1,nb,二简,,nbkv,,
727,宗,262.6,zsj,三简,,zsjt,,
728,积,262.2,jin,三简,,jinl,稘、積,
729,余,261.6,yux,三简,,yuxl;,硢、込、逾、龥,全码yuxl第2选
730,痛,260.8,tsq,三简,,tsqz,,
731,检,260.6,jmw,三简,,jmwy,,
732,差,260.3,ia,二简,cin、idn,cinm、ianm、idnm,,
733,富,259.9,fuj,三简,,fujh,冨,
734,灵,259.2,lke,三简,,lkep,,
735,协,259.1,xpc,三简,,xpci,協,
736,角,258.9,jng,三简,jtg,jngz、jtgz,,
737,占,258.4,vjv,三简,,vjvt,,
738,配,257.9,pw,二简,,pwck,,
739,征,257.7,vgk,三简,,vgks,佂、徰,
740,修,257.6,xq,二简,,xqkf,俢,
741,皮,257.4,pig,三简,,pigg,,
742,挥,256.9,hvo,三简,,hvoc;,翚,全码hvoc第2选
743,胜,256.2,ugz,三简,,ugzm,,
744,降,254.9,jly,三简,xly,jlyn、xlyn,,
745,阶,253.6,jpy,三简,,jpyn,,
746,审,252.6,ufj,三简,,ufjh,,
747,沉,252.1,ifa,三简,,ifar,,
748,坚,252.0,jmn,三简,,jmnm,,
749,善,251.9,uju,三简,,ujut,,
750,妈,251.3,mau,三简,,mauv,,
751,刘,251.2,,全码,,lqeg,,
752,读,249.7,duf,三简,dzf,dufy、dzfy,,
753,啊,249.4,a,一简,,aato,,
754,超,249.2,ic,二简,,icst,,
755,免,248.3,mms,三简,,mmss;,鮸、𩾃,全码mmss第2选
756,压,248.3,yaq,三简,,yaqa,,
757,银,247.9,ybs,三简,,ybss;,趛、龈,全码ybss第2选
758,买,247.0,md,二简,,mdby,,
759,皇,246.8,hld,三简,,hldr,韹,
760,养,246.6,yhn,三简,,yhnn,,
761,伊,246.2,,全码,,yikf,,
762,怀,245.9,hkv,三简,,hkvp,,
763,执,245.8,,全码,,vioh,翐,
764,副,245.6,fup,三简,,fupg,,
765,乱,245.4,lr,二简,,lrcb,,
766,抗,244.7,kh,二简,,khor,,
767,犯,243.5,fjo,三简,,fjok,,
768,追,243.4,vv,二简,,vvhl,,
769,帮,243.3,bh,二简,,bhpp,幚,
770,宣,243.2,xrj,三简,,xrjp,,
771,佛,243.1,fo,二简,,fokh、fukh,仏、彿,
772,岁,242.1,svh,三简,,svhf,,
773,航,241.9,hhc,三简,,hhcr,,
774,优,241.0,yzk,三简,,yzkn,,
775,怪,240.9,gk,二简,,gkvm,,
776,香,240.5,xln,三简,,xlnb,,
777,著,239.0,vog,三简,vug,vogb、vugb,,
778,田,237.2,tmh,三简,,tmhh,,
779,铁,236.7,tp,二简,,tpsh,,
780,控,236.0,kso,三简,,ksom,,
781,税,235.8,uvn,三简,,uvne,,
782,左,235.6,zoc,三简,,zocm,,
783,右,235.5,,全码,,yzct,,
784,份,234.7,ffk,三简,,ffkg,,
785,穿,234.2,ir,二简,,irju,,
786,艺,233.7,yig,三简,,yigb,,
787,背,233.6,,全码,,bwez,,
788,阵,232.1,vfy,三简,,vfyc,,
789,草,230.6,cc,二简,,ccgc,,
790,脚,230.2,jnz,三简,,jnzy,,
791,概,230.0,gdw,三简,,gdwe,槪,
792,恶,230.0,ee,二简,wun,eenv、wunv,,
793,块,229.9,kkm,三简,,kkmy,,
794,顿,229.6,dy,二简,,dypj,,
795,敢,229.2,gj,二简,,gjbq,,
796,守,228.8,uzj,三简,,uzjo,,
797,酒,227.8,jqa,三简,,jqac,,
798,岛,227.7,dcj,三简,,dcjh,,
799,托,227.7,too,三简,,toou,,
800,央,227.7,yhr,三简,,yhry;,鞅,全码yhry第2选
801,户,226.5,hu,二简,,hubb;,昈,全码hubb第2选
802,烈,226.2,lpf,三简,,lpfp,,
803,洋,225.9,yha,三简,,yhau,,
804,哥,225.5,ge,二简,,geoo,,
805,索,224.2,soc,三简,,soci,,
806,胡,223.3,huc,三简,,hucz;,醐,全码hucz第2选
807,款,222.7,krm,三简,,krmx,,
808,靠,222.2,kc,二简,,kcve,,
809,评,222.1,pkf,三简,,pkfc,評,
810,版,221.5,bje,三简,,bjeq,,
811,宝,221.4,bcj,三简,,bcjr,,
812,座,221.3,zoq,三简,,zoqm,,
813,释,221.0,uii,三简,,uiir,,
814,景,220.9,,全码,,jkby,暻,
815,顾,220.9,guq,三简,,guqj,,
816,弟,220.8,die,三简,,diee,,
817,登,220.7,dgf,三简,,dgfp,,
818,货,220.2,,全码,,hokj,,
819,互,220.1,hue,三简,,huee,,
820,付,219.8,fuf,三简,,fuff,詂,
821,伯,219.8,bok,三简,,bdkd、bokd,佰,
822,慢,219.7,mjv,三简,,mjvq,,
823,欧,219.7,ou,二简,,ourx,,
824,换,218.6,hr,二简,,hroy,豲,
825,闻,218.4,wfr,三简,,wfrf,珳,
826,危,217.5,wwg,三简,,wwgk,,
827,忙,217.2,mh,二简,,mhve,恾、牤,
828,核,216.8,hew,三简,,hewl、huwl,,
829,暗,216.5,anb,三简,,anbd,,
830,姐,215.9,jpu,三简,,jpue,,
831,介,215.8,jpx,三简,,jpxn,,
832,坏,215.7,hk,二简,,hkmp,,
833,讨,215.6,tcf,三简,,tcfo,,
834,丽,213.8,lil,三简,,lill;,逦,全码lill第2选
835,良,212.8,lla,三简,,llas,,
836,序,212.6,xuq,三简,,xuqz,,
837,升,212.5,ugf,三简,,ugfg,剰,
838,监,212.4,,全码,,jmne,戬,
839,临,212.3,lbn,三简,,lbnn,,
840,亮,212.0,lle,三简,,ller,,
841,露,211.7,lul,三简,lzl,lulq、lzlq,,
842,永,211.6,ysp,三简,,yspp,,
843,呼,210.4,hut,三简,,hutn,,
844,味,210.4,wwt,三简,,wwtl,,
845,野,210.3,yeh,三简,,yehz,,
846,架,210.0,jxi,三简,,jxiw,,
847,域,209.9,yum,三简,,yump;,蜮,全码yump第2选
848,沙,209.7,uaa,三简,,uaaf,,
849,掉,209.6,dn,二简,,dnoc,,
850,括,209.5,koo,三简,,koot,,
851,舰,209.4,jmc,三简,,jmcj,,
852,鱼,209.1,yus,三简,,yuss,,
853,杂,208.1,zah,三简,,zahy,,
854,误,207.8,wuf,三简,,wufy,鄔,
855,湾,207.3,wja,三简,,wjab,,
856,吉,207.2,jim,三简,,jimt,,
857,减,206.8,jma,三简,,jmat,減,
858,编,206.1,bmi,三简,,bmig,,
859,楚,206.0,iuw,三简,,iuws,檚,
860,肯,205.8,kf,二简,,kfsz,,
861,测,205.5,ce,二简,,ceag,,
862,败,204.8,bdj,三简,,bdjq,,
863,屋,204.6,wub,三简,,wubf,,
864,跑,204.2,pc,二简,,pcsk,,
865,梦,204.1,mg,二简,,mgwf,,
866,散,203.3,sjg,三简,,sjgq,,
867,温,203.2,wfa,三简,,wfae,,
868,困,202.5,ky,二简,,kyjw,,
869,剑,201.7,jmx,三简,,jmxg,剣、剱、劎、劒,
870,渐,201.7,,全码,,jmah,,
871,封,201.4,fgm,三简,,fgmo,,
872,救,200.7,jqp,三简,,jqpq,,
873,贵,199.9,gvm,三简,,gvmj,,
874,枪,199.4,qlw,三简,,qlwk,,
875,缺,199.0,qtv,三简,,qtvy,,
876,楼,198.8,lz,二简,,lzwu,,
877,县,198.5,xme,三简,,xmeh,,
878,尚,198.4,uhy,三简,,uhyt,尙,
879,毫,198.4,hce,三简,,hceg,,
880,移,198.2,yin,三简,,yinf,,
881,娘,197.8,nl,二简,,nlus,,
882,朋,197.8,pgz,三简,,pgzz,,
883,画,197.8,hxp,三简,,hxpr,,
884,班,197.1,bjr,三简,,bjrg,,
885,智,196.8,vih,三简,,vihb,,
886,亦,196.2,yit,三简,,yitt,,
887,耳,196.1,erf,三简,,erff,誀,
888,恩,195.9,enj,三简,,enjv,,
889,短,195.6,drh,三简,,drhp,,
890,掌,195.0,vhj,三简,,vhjo,,
891,恐,194.8,ksm,三简,,ksmv,,
892,遗,194.5,yim,三简,,yiml,,
893,固,194.3,guj,三简,,gujt,,
894,席,194.3,,全码,,xiqp,,
895,松,194.2,ssw,三简,,sswh,,
896,秘,194.2,bin,三简,min,binv;、minv,馝,全码binv第2选
897,谢,194.1,xpf,三简,,xpfo,,
898,鲁,193.7,lus,三简,,lusb4,镥、魲、鲈、𬬻,全码lusb第4选
899,遇,193.0,yub,三简,,yubl,,
900,康,192.8,khq,三简,,khqp,,
901,虑,192.3,lvv,三简,,lvvv,,
902,幸,192.3,xkm,三简,,xkmu,,
903,均,190.4,jym,三简,,jyma,,
904,销,190.3,xns,三简,,xnsz,,
905,钟,190.1,vss,三简,,vssn,,
906,诗,190.0,,全码,,uifo,,
907,藏,189.7,ch,二简,zh,chge、zhge,蔵,
908,赶,189.2,gjs,三简,,gjsc,趕,
909,剧,189.1,,全码,,jubg,,
910,票,188.5,pn,二简,,pnct,醥,
911,损,188.4,syo,三简,,syoj,,
912,忽,188.0,hux,三简,,huxv,,
913,巨,187.9,,全码,,jurr,,
914,炮,187.7,pcp,三简,,bcpk、pcpk,髱,
915,旧,187.6,jqn,三简,,jqnb,,
916,端,187.3,drj,三简,,drjl,,
917,探,187.3,tjo,三简,,tjow,,
918,湖,186.7,hua,三简,,huaz,,
919,录,186.5,lue,三简,,luep,彔,
920,叶,186.3,xpt,三简,yet,xptc、yetc,,
921,春,186.2,iyn,三简,,iynb,,
922,乡,186.2,xli,三简,,xlii,,
923,附,185.9,,全码,,fuyf,,
924,吸,185.5,xit,三简,,xits,,
925,予,184.8,,全码,,yuzz,,
926,礼,184.1,lid,三简,,lidb,,
927,港,183.9,gha,三简,,ghak,,
928,雨,182.8,yul,三简,,yull,旟,
929,呀,182.7,ya,二简,,yatu,,
930,板,182.6,bjw,三简,,bjwq,,
931,庭,182.0,tkq,三简,,tkql,,
932,妇,181.9,fuu,三简,,fuue,娐,
933,归,181.7,gv,二简,,gvne,,
934,睛,181.3,jkb,三简,,jkbz,,
935,饭,181.3,fjq,三简,,fjqq,,
936,额,180.0,eej,三简,,eejj,,
937,含,179.7,hjq,三简,,hjqt,,
938,顺,179.4,uy,二简,,uynj,,
939,输,179.3,uuc,三简,,uucg,,
940,摇,179.0,yco,三简,,ycov;,猺,全码ycov第2选
941,招,179.0,vco,三简,,vcot,,
942,婚,178.9,hyu,三简,,hyub,,
943,脱,178.6,toz,三简,,toze,,
944,补,178.6,bud,三简,,budv,,
945,谓,178.5,wwf,三简,,wwfz,詴,
946,督,178.5,duv,三简,,duvb,,
947,毒,178.4,dur,三简,,duri,,
948,油,178.2,yza,三简,,yzah,,
949,疗,178.2,lnq,三简,,lnqe,,
950,旅,177.7,lvl,三简,,lvlr,,
951,泽,177.4,zea,三简,,zear,,
952,材,177.0,cdw,三简,,cdwo,,
953,灭,176.5,mp,二简,,mppp,,
954,逐,176.4,,全码,,vuol,,
955,莫,176.3,mof,三简,,moff;,谟,全码moff第2选
956,笔,176.0,bih,三简,,bihg,,
957,亡,175.3,,全码,,whee,罒,
958,鲜,174.3,xms,三简,,xmsu,,
959,词,174.0,cif,三简,,cift,,
960,圣,173.8,ugq,三简,,ugqm,,
961,择,173.8,zeo,三简,,vdor、zeor,,
962,寻,173.0,xye,三简,,xyeo,,
963,厂,173.0,ihq,三简,,ihqq,厰,
964,睡,172.8,uvb,三简,,uvbp,,
965,博,172.5,boc,三简,,boco,,
966,勒,171.8,ler,三简,lwr,leri、lwri,,
967,烟,171.3,yjp,三简,,yjpy,,
968,授,170.7,uzo,三简,,uzoq,,
969,诺,170.5,nof,三简,,noft,,
970,伦,169.7,lyk,三简,,lyku,,
971,岸,169.6,anh,三简,,anhc,,
972,奥,169.3,ao,二简,,aofy,,
973,唐,169.3,thq,三简,,thqt,,
974,卖,169.0,mdc,三简,,mdcy,,
975,俄,168.7,eek,三简,,eeke,,
976,炸,168.2,va,二简,,vapk,,
977,载,167.8,zdc,三简,,zdcc,載,
978,洛,167.6,loa,三简,,loaq,,
979,健,167.5,,全码,,jmkl,徤,
980,堂,167.3,thj,三简,,thjm,坣,
981,旁,166.8,ph,二简,,phjl,,
982,宫,166.3,gsj,三简,,gsjt,,
983,喝,166.0,het,三简,,hetr,,
984,借,165.6,,全码,,jpkb,徣,
985,君,165.2,jye,三简,,jyet,,
986,禁,165.2,jbw,三简,,jbwt,,
987,阴,165.1,yby,三简,,ybyz,,
988,园,165.0,yrj,三简,,yrje,,
989,谋,164.9,mzf,三简,,mzfw,,
990,宋,164.1,ssj,三简,,ssjw,梥,
991,避,164.0,bib,三简,,bibl;,屄、襞,全码bibl第2选
992,抓,163.7,vx,二简,,vxoi,,
993,荣,163.7,rsg,三简,,rsgw,,
994,姑,163.6,guu,三简,,guut,,
995,孙,162.9,sy,二简,,syey,,
996,逃,162.7,tca,三简,,tcal,,
997,牙,162.7,yau,三简,,yauu,,
998,束,162.2,uui,三简,,uuii,綀,
999,跳,161.9,tns,三简,,tnse,趒,
1000,顶,161.9,dko,三简,,dkoj,,
1001,玉,161.7,yur,三简,,yurr,,
1002,镇,161.1,vfs,三简,,vfsl,,
1003,雪,160.2,xtl,三简,,xtle,,
1004,午,160.2,,全码,,wuvv,忤,
1005,练,160.1,lmi,三简,,lmic,,
1006,迫,159.9,pdd,三简,pod,pddl、podl,廹,
1007,爷,159.9,yel,三简,,yely,,
1008,篇,159.7,pmh,三简,,pmhg,,
1009,肉,159.3,rz,二简,,rzrx,,
1010,嘴,159.0,zvt,三简,,zvtz,,
1011,馆,158.0,,全码,,grqh,痯,
1012,遍,157.9,bmb,三简,,bmbl,,
1013,凡,157.8,fjr,三简,,fjrr,,
1014,础,157.5,iux,三简,,iuxh,,
1015,洞,157.1,dsa,三简,,dsat、tsat,,
1016,卷,156.8,jr,二简,,jrnk,巻,
1017,坦,156.8,tjm,三简,,tjmp,埮,
1018,牛,155.3,nq,二简,,nqvv,牜,
1019,纸,155.1,,全码,,viir,,
1020,宁,155.1,nk,二简,,nkjo,寕、寧,
1021,诸,154.9,vuf,三简,,vufb,,
1022,训,154.6,xyf,三简,,xyfn,,
1023,私,153.5,sin,三简,,sinh,,
1024,庄,153.4,vlq,三简,,vlqm,,
1025,祖,153.2,zud,三简,,zude,,
1026,丝,152.9,sii,三简,,siii,絲,
1027,翻,152.8,fji,三简,,fjio,,
1028,暴,152.8,bcb,三简,,bcbp;,曓、曝,全码bcbp第2选
1029,森,152.7,sf,二简,,sfww,,
1030,塔,152.3,tam,三简,,tamt,,
1031,默,152.1,mod,三简,,mody,,
1032,握,152.1,wo,二简,,woof,,
1033,戏,152.0,xiq,三简,,xiqe,,
1034,隐,151.4,,全码,,ybyv,,
1035,熟,151.3,uze,三简,,uuep、uzep,,
1036,骨,150.8,gur,三简,,gurr,,
1037,访,150.6,fhf,三简,,fhfl,,
1038,弱,150.6,rob,三简,,roba,,
1039,蒙,150.0,mgg,三简,,mggo,,
1040,歌,149.7,geo,三简,,geox,,
1041,店,149.5,dmq,三简,,dmqt,,
1042,鬼,149.5,gvp,三简,,gvpp,,
1043,软,149.3,rr,二简,,rrcx,,
1044,典,149.2,dmr,三简,,dmrl,,
1045,欲,149.2,,全码,,yulx,,
1046,萨,148.9,sag,三简,,sagf,,
1047,伙,148.5,hok,三简,,hokp,,
1048,遭,148.1,zcp,三简,,zcpl,,
1049,盘,147.7,pjc,三简,,pjce,,
1050,爸,147.5,bal,三简,,balk;,耙,全码balk第2选
1051,扩,146.4,ko,二简,,kooq,,
1052,盖,146.3,gdn,三简,gen,gdne、gene,,
1053,弄,145.8,ns,二简,,lsrg、nsrg,,
1054,雄,145.7,xsc,三简,,xscd,,
1055,稳,144.9,wfn,三简,,wfnv,穏,
1056,忘,144.5,,全码,,whev,,
1057,亿,144.2,,全码,,yikb,,
1058,刺,144.2,cii,三简,,ciig,,
1059,拥,143.9,yso,三简,,ysoz,,
1060,徒,143.8,tuk,三简,,tuks,,
1061,姆,143.7,muu,三简,,muui,,
1062,杨,142.5,yhw,三简,,yhwx,,
1063,齐,142.0,,全码,,qien,,
1064,赛,142.0,sd,二简,,sdjj,,
1065,趣,141.8,qus,三简,,qusq;,龋,全码qusq第2选
1066,曲,141.6,quj,三简,,qujn,,
1067,刀,141.1,dcg,三简,,dcgg,刂,
1068,床,141.0,ilq,三简,,ilqw,,
1069,迎,140.7,yky,三简,,ykyl,,
1070,冰,140.6,bka,三简,,bkap,,
1071,虚,140.0,xuv,三简,,xuvn,驉,
1072,玩,139.8,wjr,三简,,wjre,,
1073,析,139.7,xiw,三简,,xiwh,,
1074,窗,139.5,il,二简,,iljq,,
1075,醒,139.0,xkc,三简,,xkcm,,
1076,妻,138.8,qip,三简,,qipu,,
1077,透,138.7,tzn,三简,,tznl,,
1078,购,138.6,gzj,三简,,gzjh,,
1079,替,138.0,tiy,三简,,tiyb,,
1080,塞,137.4,sdj,三简,sej,sdjm、sejm,,
1081,努,137.3,nuu,三简,,nuui,,
1082,休,137.2,xqk,三简,,xqkw,,
1083,虎,137.1,huv,三简,,huvr,,
1084,扬,137.0,yho,三简,,yhox,,
1085,途,136.9,tux,三简,,tuxl,,
1086,侵,136.8,qbk,三简,,qbkq,,
1087,刑,136.7,,全码,,xkpg,,
1088,绿,136.5,lui,三简,lvi,luip、lvip,,
1089,兄,136.4,xs,二简,,xste,,
1090,迅,136.1,xyb,三简,,xybl,,
1091,套,136.0,tc,二简,,tcyh,,
1092,贸,135.4,mcf,三简,,mcfj,,
1093,毕,135.2,biu,三简,,biuc;,婢,全码biuc第2选
1094,唯,134.6,,全码,,wwtd,,
1095,谷,134.4,gul,三简,,gult,,
1096,轮,134.2,lyc,三简,,lycu,,
1097,库,134.0,kuq,三简,,kuqc,,
1098,迹,134.0,jit,三简,,jitl,,
1099,尤,133.9,yzn,三简,,yznn,,
1100,竞,133.9,jkj,三简,,jkje;,竫,全码jkje第2选
1101,街,133.7,jpk,三简,,jpkm,,
1102,促,133.3,cuk,三简,,cuks,,
1103,延,133.2,,全码,,yjfl,,
1104,震,133.1,vfl,三简,,vflr,,
1105,弃,133.0,qie,三简,,qieg,,
1106,甲,132.4,jxh,三简,,jxhh;,岬,全码jxhh第2选
1107,伟,132.3,,全码,,wwkx,,
1108,麻,132.2,maq,三简,,maqw,,
1109,川,132.2,irn,三简,,irnn,巛,
1110,申,132.0,ufh,三简,,ufhh;,屾,全码ufhh第2选
1111,缓,131.6,hri,三简,,hriq,,
1112,潜,131.6,qma,三简,,qmab,,
1113,闪,131.4,ujr,三简,,ujrx,,
1114,售,131.3,uzd,三简,,uzdt,,
1115,灯,131.3,dgp,三简,,dgpo,,
1116,针,131.2,,全码,,vfsc,,
1117,哲,131.1,,全码,,veot,,
1118,络,130.6,lci,三简,loi,lciq、loiq,嗠、絡,
1119,抵,130.4,dio,三简,,dior,,
1120,朱,130.2,vul,三简,,vull,,
1121,埃,129.8,aim,三简,,aimh,,
1122,抱,129.6,bco,三简,,bcok,,
1123,鼓,129.3,gum,三简,,gumq,鼔,
1124,植,129.2,viw,三简,,viwe,,
1125,纯,128.7,iy,二简,,iyib,,
1126,夏,128.7,xxp,三简,,xxpq,,
1127,忍,128.5,rf,二简,,rfgv,,
1128,页,128.5,yep,三简,,yepj,,
1129,杰,128.2,jpw,三简,,jpwp,,
1130,筑,128.1,vuh,三简,,vuhr,,
1131,折,127.9,veo,三简,,ueoh、veoh,,
1132,郑,127.8,vgl,三简,,vgly,,
1133,贝,127.6,bwj,三简,,bwjj,,
1134,尊,127.5,zyl,三简,,zylo,,
1135,吴,127.3,wut,三简,,wuty,,
1136,秀,127.3,xqn,三简,,xqns,,
1137,混,127.2,hy,二简,,hyau,,
1138,臣,126.9,ife,三简,,ifee,,
1139,雅,126.8,,全码,,yaud,,
1140,振,126.5,vfo,三简,,vfor,,
1141,染,126.4,rja,三简,,rjaw,,
1142,盛,126.1,uge,三简,,igee、ugee,,
1143,怒,126.0,nu,二简,,nuuv;,驽,全码nuuv第2选
1144,舞,125.9,wuk,三简,,wukn,儛,
1145,圆,125.4,,全码,,yrjj,鵷、鹓,
1146,搞,125.4,gco,三简,,gcot,,
1147,狂,125.4,kl,二简,,klor,抂,
1148,措,125.0,coo,三简,,coob,,
1149,姓,124.8,xku,三简,,xkum;,娙、𫰛,全码xkum第2选
1150,残,124.2,cj,二简,,cjfe,,
1151,秋,124.2,qqn,三简,,qqnp,,
1152,培,124.1,pwm,三简,,pwmt,,
1153,迷,123.8,miz,三简,,mizl,,
1154,诚,123.8,igf,三简,,igfb,,
1155,宽,123.6,kr,二简,,krjj,,
1156,宇,123.5,yuj,三简,,yujc,,
1157,猛,123.3,mgo,三简,,mgoe,掹,
1158,摆,123.3,bdo,三简,,bdoh,,
1159,梅,123.2,mww,三简,,mwwi,栂,
1160,毁,122.9,hvd,三简,,hvdh,毇,
1161,伸,122.7,,全码,,ufkh,,
1162,摩,122.2,,全码,,maqo、moqo,,
1163,盟,121.9,mgb,三简,,mgbe,,
1164,末,121.6,mol,三简,,moll,,
1165,乃,121.6,nd,二简,,ndss,,
1166,悲,121.5,,全码,,bwev,,
1167,拍,121.4,p,一简,,pdod,,
1168,丁,121.4,,全码,,dkoo,,
1169,赵,121.1,vcs,三简,,vcsp,,
1170,硬,120.8,ykx,三简,,ykxp,,
1171,麦,120.3,mdr,三简,,mdrq,,
1172,蒋,120.1,jlg,三简,,jlgo,,
1173,操,119.9,cco,三简,,ccow,,
1174,耶,119.8,yef,三简,,yefy,,
1175,阻,119.7,zuy,三简,,zuye,,
1176,订,118.8,dkf,三简,,dkfo;,耵,全码dkfo第2选
1177,彩,118.8,cdi,三简,,cdif,,
1178,抽,118.6,iz,二简,,izoh,,
1179,赞,118.4,zjv,三简,,zjvj,,
1180,魔,118.0,moq,三简,,moqp,,
1181,纷,118.0,ffi,三简,,ffig,,
1182,沿,117.8,,全码,,yjat,,
1183,喊,117.7,hjt,三简,,hjtt,,
1184,违,117.6,wwx,三简,,wwxl,,
1185,妹,117.5,mwu,三简,,mwul,,
1186,浪,117.0,lh,二简,,lhas,,
1187,汇,116.9,hva,三简,,hvar,,
1188,币,116.8,bif,三简,,bifp,,
1189,丰,116.0,fgr,三简,,fgrr,,
1190,蓝,116.0,ljg,三简,,ljge,,
1191,殊,115.8,uuf,三简,,uufl,,
1192,献,115.8,xmc,三简,,xmcy,,
1193,桌,115.5,vo,二简,,vovw,,
1194,啦,115.1,la,二简,,latj,,
1195,瓦,114.9,wap,三简,,wapa,,
1196,莱,114.7,ldg,三简,,ldgl,,
1197,援,114.7,yro,三简,,yroq,猨,
1198,译,114.6,,全码,,yifr,,
1199,夺,114.5,doy,三简,,doyo,,
1200,汽,114.2,qia,三简,,qiad,湆,
1201,烧,114.1,ucp,三简,,ucpe,焼,
1202,距,113.6,jus,三简,,jusr;,歫、钜,全码jusr第2选
1203,裁,113.3,cdc,三简,,cdcl,,
1204,偏,113.1,pmk,三简,,pmkg,,
1205,符,113.0,,全码,,fuhf,,
1206,勇,112.8,ysh,三简,,yshi,勈,
1207,触,112.3,iug,三简,,iugm,,
1208,课,112.2,kef,三简,,kefh,,
1209,敬,111.9,,全码,,jkgq,,
1210,哭,110.8,ku,二简,,kuty,,
1211,懂,109.2,dsv,三简,,dsvh,,
1212,墙,109.1,qlm,三简,,qlmt,墻,
1213,召,109.1,vcg,三简,,ucgt;、vcgt,苕,全码ucgt第2选
1214,袭,109.1,xin,三简,,xinl,,
1215,罚,108.6,fae,三简,,faeg,,
1216,侠,108.5,xxk,三简,,xxky,,
1217,厅,108.5,,全码,,tkqo,庁,
1218,拜,108.4,bdn,三简,,bdnr,,
1219,巧,108.4,qnm,三简,,qnmb,,
1220,侧,108.3,cek,三简,,cekg,,
1221,韩,108.3,hjc,三简,,hjcx,,
1222,冒,108.1,mcr,三简,,mcrb;,瑁,全码mcrb第2选
1223,债,108.0,vdk,三简,,vdkj,,
1224,曼,108.0,mjb,三简,,mjbq,,
1225,融,107.9,rsp,三简,,rspm,,
1226,惯,107.9,grv,三简,,grvj,,
1227,享,107.7,xle,三简,,xlee,,
1228,戴,107.7,ddc,三简,,ddcl,,
1229,童,107.6,tsj,三简,,tsjh,,
1230,犹,107.2,yzo,三简,,yzon,,
1231,乘,107.2,,全码,,ignu,,
1232,挂,107.0,gx,二简,,gxom,,
1233,奖,107.0,jle,三简,,jley,奬,
1234,绍,106.9,uci,三简,,ucit,,
1235,厚,106.6,hzq,三简,,hzqe,,
1236,纵,106.5,,全码,,zsix,,
1237,障,106.0,vhy,三简,,vhyc,,
1238,讯,105.9,,全码,,xyfc,,
1239,涉,105.9,uea,三简,,ueaf,渉,
1240,彻,105.8,iek,三简,,iekg,,
1241,刊,105.8,kjc,三简,,kjcg,,
1242,丈,105.3,vhp,三简,,vhpp,,
1243,爆,105.1,bcp,三简,,bcpp,,
1244,乌,104.9,wuj,三简,,wujj,,
1245,役,104.7,,全码,,yikh,伇、佚,
1246,描,104.7,mno,三简,,mnoh,,
1247,洗,104.6,xia,三简,,xiae、xmae;,冼、涀,全码xmae第2选
1248,玛,104.5,mar,三简,,marv,,
1249,患,104.4,,全码,,hrtv,,
1250,妙,104.2,mnu,三简,,mnuf,,
1251,镜,103.9,jks,三简,,jkse,,
1252,唱,103.8,iht,三简,,ihtb,嚐,
1253,烦,103.8,fjp,三简,,fjpj,,
1254,签,103.7,qmh,三简,,qmhy,,
1255,仙,103.6,xmk,三简,,xmkh,佡,
1256,彼,103.5,bik,三简,,bikg,佊,
1257,弗,102.9,fuh,三简,,fuhh,岪,
1258,症,102.8,vgq,三简,,vgqs,,
1259,仿,102.7,fhk,三简,,fhkl,,
1260,倾,102.6,qkk,三简,,qkkj,,
1261,牌,102.1,pde,三简,,pdec,,
1262,陷,101.8,,全码,,xmyd,,
1263,鸟,101.8,nn,二简,,nnjj,,
1264,轰,101.7,hsc,三简,,hscq,,
1265,咱,101.1,zj,二简,,zjtd,,
1266,菜,100.9,cd,二简,,cdgi,,
1267,闭,100.9,bir,三简,,biro,,
1268,奋,100.8,ffy,三简,,ffyh,,
1269,庆,100.7,qkq,三简,,qkqy,,
1270,撤,100.7,,全码,,ieoq,,
1271,泪,100.3,lwa,三简,,lwab,,
1272,茶,100.3,iag,三简,,iagy,,
1273,疾,100.3,,全码,,jiqh,,
1274,缘,99.9,yri,三简,,yrio,,
1275,播,99.9,boo,三简,,booh,,
1276,朗,99.7,lha,三简,,lhaz,,
1277,杜,99.5,duw,三简,,duwm,螙,
1278,奶,99.3,ndu,三简,,ndus,,
1279,季,99.3,,全码,,jine,穊,
1280,丹,99.1,djr,三简,,djre,玬,
1281,狗,98.7,gzo,三简,,gzot,豿,
1282,尾,98.6,wwb,三简,,wwbg、yibg,,
1283,仪,98.5,,全码,,yikp,,
1284,偷,98.2,tzk,三简,,tzkg,,
1285,奔,98.2,bfy,三简,,bfyg,,
1286,珠,97.8,vur,三简,,vurl,,
1287,虫,97.7,ism,三简,,ismm,,
1288,驻,97.7,vuv,三简,,vuvm,駐,
1289,孔,97.6,kse,三简,,kseb,,
1290,宜,97.4,yij,三简,,yije;,冝、宐、宧、竩、鶃、鸃,全码yije第2选
1291,艾,97.3,aig,三简,,aigp、yigp,,
1292,桥,97.3,qnw,三简,,qnwn,,
1293,淡,97.1,dja,三简,,djap,泹,
1294,翼,96.7,yio,三简,,yiol,,
1295,恨,96.7,hfv,三简,,hfvs,,
1296,繁,96.7,fjk,三简,pok,fjki、poki,,
1297,寒,96.6,hjj,三简,,hjja,,
1298,伴,96.6,bjk,三简,,bjkr,,
1299,叹,96.1,tjt,三简,,tjtq,,
1300,旦,96.0,,全码,,djbp,,
1301,愈,95.8,,全码,,yuxv,悆,
1302,潮,95.8,ica,三简,,icaz,,
1303,粮,95.8,llz,三简,,llzs,,
1304,缩,95.6,soi,三简,,soid、suid,縮,
1305,罢,95.6,bae,三简,,baeh,,
1306,聚,95.4,juf,三简,,jufa,,
1307,径,95.3,jkk,三简,,jkkm,俓,
1308,恰,95.2,qx,二简,,qxvt,,
1309,挑,95.2,tno,三简,,tnoe,,
1310,袋,95.0,,全码,,ddkl,,
1311,灰,94.6,hvc,三简,,hvcp,,
1312,捕,94.3,buo,三简,,buow,,
1313,徐,94.0,xuk,三简,,xukl,,
1314,珍,93.8,vfr,三简,,vfrf,,
1315,幕,93.8,,全码,,mufp,,
1316,映,93.6,,全码,,ykby,,
1317,裂,93.5,,全码,,lpfl,迾,
1318,泰,93.4,tdn,三简,,tdnp,,
1319,隔,93.3,gey,三简,,geyn,,
1320,启,93.3,qib,三简,,qibt,啔,
1321,尖,93.2,jmy,三简,,jmyy,,
1322,忠,93.2,vst,三简,,vstv,,
1323,累,93.1,lwh,三简,,lwhi,絫、纍,
1324,炎,92.9,,全码,,yjpp,焱,
1325,暂,92.9,zjc,三简,,zjcb,,
1326,估,92.8,guk,三简,,gukt,,
1327,泛,92.7,fja,三简,,fjab,,
1328,荒,92.7,hlg,三简,,hlgn,,
1329,偿,92.6,ihk,三简,,ihkh,,
1330,横,92.6,hg,二简,,hgwl,,
1331,拒,92.5,juo,三简,,juor,拠,
1332,瑞,92.4,rvr,三简,,rvrl,,
1333,忆,92.2,yiv,三简,,yivb,怈、駅,
1334,孤,92.1,gue,三简,,guei,,
1335,鼻,91.9,bid,三简,,bide,襣,
1336,闹,91.8,ncr,三简,,ncrp;,瑙、閙,全码ncrp第2选
1337,羊,91.8,yhu,三简,,yhuu,,
1338,呆,91.7,ddt,三简,,ddtw,,
1339,厉,91.6,lic,三简,,licc,,
1340,衡,91.6,hgk,三简,,hgky,,
1341,胞,91.5,bcz,三简,,bczk,,
1342,零,91.4,lkl,三简,,lklq,霗,
1343,穷,91.4,qs,二简,,qsji,,
1344,舍,91.2,uex,三简,,uext;,佘、舎,全码uext第2选
1345,码,91.1,max,三简,,maxv,碼、鎷,
1346,赫,91.0,hem,三简,,hemt,螛,
1347,婆,91.0,poa,三简,,poau,,
1348,魂,90.6,hyp,三简,,hypp,,
1349,灾,90.6,zdj,三简,,zdjp,,
1350,洪,90.6,hsa,三简,,hsal,,
1351,腿,90.5,tvz,三简,,tvzl,,
1352,胆,90.4,djz,三简,,djzp;,膻,全码djzp第2选
1353,津,90.3,jba,三简,,jbae,,
1354,俗,90.3,suk,三简,,sukt,,
1355,辩,90.2,bma,三简,,bmaf,辯,
1356,胸,89.9,xsz,三简,,xszr,,
1357,晓,89.5,xnb,三简,,xnbe,,
1358,劲,89.5,jbm,三简,,jbmi、jkmi,,
1359,贫,89.2,pbl,三简,,pblj,,
1360,仁,89.2,,全码,,rfkp,,
1361,偶,89.1,ouk,三简,,oukq,,
1362,辑,88.8,jic,三简,,jicf,,
1363,邦,88.7,bhp,三简,,bhpy,,
1364,赖,88.5,ldi,三简,,ldij,,
1365,恢,88.5,,全码,,hvvp,,
1366,圈,88.5,jrj,三简,qrj,jrjk、qrjk,,
1367,摸,88.2,mo,二简,,moof;,貘,全码moof第2选
1368,仰,87.6,yhk,三简,,yhky,佒,
1369,润,87.5,rya,三简,,ryar,,
1370,堆,87.5,dvm,三简,,dvmd,,
1371,碰,87.5,pg,二简,,pgxn,,
1372,艇,87.2,tkc,三简,,tkcl,,
1373,稍,87.1,ucn,三简,,ucnz,,
1374,迟,86.9,iib,三简,,iibl,遟,
1375,辆,86.7,llc,三简,,llcl,,
1376,废,86.6,fwq,三简,,fwqa,,
1377,净,86.6,jka,三简,,jkae,浄、瀞,
1378,凶,86.4,xsp,三简,,xspr,,
1379,署,86.0,uue,三简,,uueb,,
1380,壁,85.7,,全码,,bibm,,
1381,御,85.7,yuk,三简,,yuky;,俣,全码yuky第2选
1382,奉,85.0,fgn,三简,,fgnr,,
1383,旋,85.0,xrl,三简,,xrls,,
1384,冬,84.6,dsq,三简,,dsqa,,
1385,矿,84.6,klx,三简,,klxq,,
1386,抬,84.3,tdo,三简,,tdot,,
1387,蛋,84.3,djs,三简,,djsm,,
1388,晨,83.9,ifb,三简,,ifbr,曟,
1389,伏,83.6,fuk,三简,,fuky,伕,
1390,吹,83.6,iv,二简,,ivtx,,
1391,鸡,83.6,jiq,三简,,jiqj,,
1392,倍,83.2,bwk,三简,,bwkt,,
1393,糊,83.2,huz,三简,,huzz,,
1394,秦,83.2,qb,二简,,qbnn,,
1395,盾,83.1,dyf,三简,,dyfb,,
1396,杯,83.1,bww,三简,,bwwp,,
1397,租,83.0,zun,三简,,zune,,
1398,骑,82.9,qiv,三简,,qivo,,
1399,乏,82.8,faf,三简,,fafb,発,
1400,隆,82.6,lsy,三简,,lsym,,
1401,诊,82.4,vff,三简,,vfff,聄,
1402,奴,82.3,,全码,,nuuq,,
1403,摄,81.7,ueo,三简,,ueoq,,
1404,丧,81.3,shc,三简,,shcs,,
1405,污,81.1,wua,三简,,wuab;,洿,全码wuab第2选
1406,渡,81.1,dua,三简,,duaq,,
1407,旗,81.0,qil,三简,,qill,,
1408,甘,80.9,gjr,三简,,gjrr,,
1409,耐,80.8,ndl,三简,,ndlo,,
1410,凭,80.7,pkk,三简,,pkkr,,
1411,扎,80.6,vao,三简,,vaob、zaob,,
1412,抢,80.6,qlo,三简,,qlok,,
1413,绪,80.5,,全码,,xuib,,
1414,粗,80.4,cu,二简,,cuze,,
1415,肩,80.3,jmb,三简,,jmbz,,
1416,梁,79.5,,全码,,llaw,,
1417,幻,79.5,,全码,,hrib,,
1418,菲,79.4,fwg,三简,,fwge,,
1419,皆,79.4,,全码,,jpud,媘,
1420,碎,79.3,svx,三简,,svxc,,
1421,宙,79.2,vzj,三简,,vzjh,,
1422,叔,79.1,uuv,三简,,uuvq,,
1423,岩,79.0,yjh,三简,,yjhx,,
1424,荡,78.9,dhg,三简,,dhgx;,菪,全码dhgx第2选
1425,综,78.9,zsi,三简,,zgit、zsit,,
1426,爬,78.9,pai,三简,,paik,,
1427,荷,78.8,heg,三简,,hego;,菏,全码hego第2选
1428,悉,78.7,,全码,,xiiv,,
1429,蒂,78.5,dig,三简,,digp;,荻,全码digp第2选
1430,返,78.5,fjf,三简,,fjfl,,
1431,井,78.4,,全码,,jkgg,荆,
1432,壮,78.3,,全码,,vlem,,
1433,薄,78.3,bcg,三简,bog,bcgo、bogo,,
1434,悄,78.3,qnv,三简,,qnvz,,
1435,扫,78.3,sc,二简,,scoe,,
1436,敏,78.2,mbk,三简,,mbkq,敯,
1437,碍,78.2,aix,三简,,aixo,,
1438,殖,78.1,,全码,,uife;、vife,聀、謚、谥,全码uife第2选
1439,详,78.0,,全码,,xlfu,,
1440,迪,77.9,,全码,,dihl,廸、篴,
1441,矛,77.8,mcz,三简,,mczz,,
1442,霍,77.7,hol,三简,,hold,,
1443,允,77.7,yyh,三简,,yyhe,,
1444,幅,77.6,,全码,,fuph,炥、畐,
1445,撒,77.6,sao,三简,,saoq,,
1446,剩,77.5,ugn,三简,,ugng,,
1447,凯,77.5,kdh,三简,,kdhr,,
1448,颗,77.5,keh,三简,,kehj,,
1449,骂,77.4,,全码,,matv,吗,
1450,赏,77.3,uhj,三简,,uhjj,,
1451,液,77.2,yea,三简,,yeaf,,
1452,番,77.2,pji,三简,,fjih、pjih,,
1453,箱,77.1,xlh,三简,,xlhb,,
1454,贴,77.0,tpj,三简,,tpjt,,
1455,漫,76.9,mja,三简,,mjaq,,
1456,酸,76.8,src,三简,,srcq,,
1457,郎,76.7,,全码,,lhay,,
1458,腰,76.7,ycz,三简,,yczu,,
1459,舒,76.7,uux,三简,,uuxz,,
1460,眉,76.3,mwb,三简,,mwbb,,
1461,忧,76.3,yzv,三简,,yzvn,駀,
1462,浮,76.1,fua,三简,,fuae,,
1463,辛,76.1,xba,三简,,xbaa,,
1464,恋,75.9,lmt,三简,,lmtv,,
1465,餐,75.7,cjf,三简,,cjfq,,
1466,吓,75.6,xxt,三简,,hetv、xxtv,,
1467,挺,75.5,tko,三简,,tkol,,
1468,励,75.0,,全码,,lici,,
1469,辞,74.6,cic,三简,,cica,,
1470,艘,74.6,szc,三简,,szcq,醙,
1471,键,74.6,jms,三简,,jmsl;,踺、鰎,全码jmsl第2选
1472,伍,74.6,,全码,,wukr,,
1473,峰,74.6,fgh,三简,,fghr,峯,
1474,尺,74.6,,全码,,iebb、iibb,,
1475,昨,74.5,zob,三简,,zobk,,
1476,黎,74.4,,全码,,linp,,
1477,辈,74.4,,全码,,bwec,,
1478,贯,74.2,gri,三简,,grij,,
1479,侦,74.1,vfk,三简,,vfkj,,
1480,滑,73.9,hxa,三简,,hxar,,
1481,券,73.9,xrn,三简,,qrng、xrng,,
1482,崇,73.7,ish,三简,,isht,,
1483,扰,73.7,rco,三简,,rcon,,
1484,宪,73.7,xmj,三简,,xmje,,
1485,绕,73.3,rc,二简,,rcie,,
1486,趋,73.2,,全码,,quse,,
1487,慈,73.1,cil,三简,,cilv,,
1488,乔,72.9,qnn,三简,,qnnn,,
1489,阅,72.7,ytr,三简,,ytre,,
1490,汗,72.4,hja,三简,,hjac,浫、涆,
1491,枝,72.3,,全码,,viwq,,
1492,拖,72.2,to,二简,,toof,,
1493,墨,72.2,,全码,,modm,,
1494,胁,72.1,xpz,三简,,xpzi,,
1495,插,72.0,iao,三简,,iaod,揷,
1496,箭,72.0,,全码,,jmhg,,
1497,腊,71.8,laz,三简,,lazb,,
1498,泥,71.7,ni,二简,,niau,,
1499,粉,71.7,ffz,三简,,ffzg,,
1500,氏,71.7,vir,三简,,uirr、virr,,
